Date;2022-11-18;;#;N_mob;Amp;;#;P_mob;Amp
Time;13:19:03;;1;3,35997;2;;1;2,62573;-23
Device name;KE2-0-086-2018;;2;3,35438;0;;2;2,62246;-23
negMobCoeff;50,3994865417;;3;3,34880;3;;3;2,61919;-21
posMobCoeff;52,5146827698;;4;3,34325;3;;4;2,61592;-27
;;;5;3,33771;4;;5;2,61267;-20
;;;6;3,33220;3;;6;2,60943;-24
;;;7;3,32670;2;;7;2,60619;-21
;;;8;3,32122;2;;8;2,60296;-21
;;;9;3,31576;3;;9;2,59974;-21
;;;10;3,31031;4;;10;2,59652;-23
;;;11;3,30488;4;;11;2,59332;-24
;;;12;3,29948;3;;12;2,59012;-27
;;;13;3,29408;5;;13;2,58693;-24
;;;14;3,28871;5;;14;2,58375;-25
;;;15;3,28335;4;;15;2,58057;-25
;;;16;3,27802;4;;16;2,57741;-21
;;;17;3,27269;5;;17;2,57425;-21
;;;18;3,26739;3;;18;2,57110;-18
;;;19;3,26210;3;;19;2,56796;-17
;;;20;3,25683;3;;20;2,56482;-13
;;;21;3,25158;3;;21;2,56169;-13
;;;22;3,24634;2;;22;2,55857;-14
;;;23;3,24112;0;;23;2,55546;-16
;;;24;3,23592;2;;24;2,55235;-10
;;;25;3,23074;0;;25;2,54926;-12
;;;26;3,22557;1;;26;2,54617;-8
;;;27;3,22041;1;;27;2,54308;-4
;;;28;3,21528;1;;28;2,54001;-1
;;;29;3,21016;1;;29;2,53694;12
;;;30;3,20505;0;;30;2,53388;23
;;;31;3,19997;2;;31;2,53083;46
;;;32;3,19490;5;;32;2,52778;77
;;;33;3,18984;6;;33;2,52474;109
;;;34;3,18480;5;;34;2,52171;155
;;;35;3,17978;4;;35;2,51869;208
;;;36;3,17477;3;;36;2,51567;267
;;;37;3,16978;3;;37;2,51266;337
;;;38;3,16480;1;;38;2,50966;413
;;;39;3,15984;0;;39;2,50667;507
;;;40;3,15490;2;;40;2,50368;612
;;;41;3,14997;1;;41;2,50070;723
;;;42;3,14505;3;;42;2,49773;843
;;;43;3,14015;4;;43;2,49476;976
;;;44;3,13527;3;;44;2,49180;1102
;;;45;3,13040;5;;45;2,48885;1224
;;;46;3,12555;6;;46;2,48590;1354
;;;47;3,12071;3;;47;2,48296;1473
;;;48;3,11589;3;;48;2,48003;1588
;;;49;3,11108;1;;49;2,47711;1698
;;;50;3,10629;0;;50;2,47419;1801
;;;51;3,10151;0;;51;2,47128;1887
;;;52;3,09674;0;;52;2,46838;1968
;;;53;3,09199;0;;53;2,46548;2037
;;;54;3,08726;0;;54;2,46259;2083
;;;55;3,08254;0;;55;2,45970;2122
;;;56;3,07783;0;;56;2,45683;2147
;;;57;3,07314;1;;57;2,45396;2160
;;;58;3,06846;0;;58;2,45109;2158
;;;59;3,06380;0;;59;2,44824;2143
;;;60;3,05915;0;;60;2,44539;2121
;;;61;3,05451;0;;61;2,44254;2089
;;;62;3,04989;-3;;62;2,43971;2047
;;;63;3,04529;-6;;63;2,43688;2007
;;;64;3,04069;-3;;64;2,43405;1962
;;;65;3,03611;-5;;65;2,43124;1911
;;;66;3,03155;-2;;66;2,42842;1858
;;;67;3,02700;0;;67;2,42562;1794
;;;68;3,02246;0;;68;2,42282;1731
;;;69;3,01793;0;;69;2,42003;1657
;;;70;3,01342;0;;70;2,41725;1586
;;;71;3,00892;1;;71;2,41447;1515
;;;72;3,00444;1;;72;2,41170;1445
;;;73;2,99997;4;;73;2,40893;1375
;;;74;2,99551;3;;74;2,40617;1312
;;;75;2,99107;3;;75;2,40342;1262
;;;76;2,98664;3;;76;2,40067;1199
;;;77;2,98222;3;;77;2,39793;1145
;;;78;2,97781;3;;78;2,39520;1088
;;;79;2,97342;5;;79;2,39247;1037
;;;80;2,96904;5;;80;2,38975;990
;;;81;2,96468;4;;81;2,38703;946
;;;82;2,96032;5;;82;2,38432;901
;;;83;2,95598;3;;83;2,38162;855
;;;84;2,95165;4;;84;2,37892;814
;;;85;2,94734;2;;85;2,37623;780
;;;86;2,94304;1;;86;2,37354;745
;;;87;2,93875;2;;87;2,37087;711
;;;88;2,93447;1;;88;2,36819;673
;;;89;2,93020;1;;89;2,36553;642
;;;90;2,92595;3;;90;2,36287;612
;;;91;2,92171;1;;91;2,36021;584
;;;92;2,91748;3;;92;2,35756;553
;;;93;2,91327;3;;93;2,35492;528
;;;94;2,90906;4;;94;2,35228;502
;;;95;2,90487;3;;95;2,34965;483
;;;96;2,90069;1;;96;2,34702;462
;;;97;2,89652;2;;97;2,34441;446
;;;98;2,89237;3;;98;2,34179;432
;;;99;2,88822;2;;99;2,33918;421
;;;100;2,88409;1;;100;2,33658;410
;;;101;2,87997;2;;101;2,33399;402
;;;102;2,87586;4;;102;2,33140;389
;;;103;2,87177;3;;103;2,32881;379
;;;104;2,86768;4;;104;2,32623;364
;;;105;2,86361;6;;105;2,32366;352
;;;106;2,85955;3;;106;2,32109;345
;;;107;2,85549;6;;107;2,31853;333
;;;108;2,85146;5;;108;2,31597;328
;;;109;2,84743;6;;109;2,31342;319
;;;110;2,84341;7;;110;2,31088;314
;;;111;2,83941;7;;111;2,30834;309
;;;112;2,83541;3;;112;2,30580;309
;;;113;2,83143;3;;113;2,30328;306
;;;114;2,82746;3;;114;2,30075;302
;;;115;2,82350;2;;115;2,29824;296
;;;116;2,81955;3;;116;2,29572;288
;;;117;2,81561;3;;117;2,29322;287
;;;118;2,81169;6;;118;2,29072;275
;;;119;2,80777;6;;119;2,28822;269
;;;120;2,80387;10;;120;2,28573;258
;;;121;2,79997;12;;121;2,28325;256
;;;122;2,79609;13;;122;2,28077;254
;;;123;2,79222;13;;123;2,27829;256
;;;124;2,78835;16;;124;2,27583;262
;;;125;2,78450;17;;125;2,27336;267
;;;126;2,78066;21;;126;2,27091;271
;;;127;2,77683;23;;127;2,26845;272
;;;128;2,77301;25;;128;2,26601;276
;;;129;2,76920;32;;129;2,26356;286
;;;130;2,76540;34;;130;2,26113;288
;;;131;2,76162;35;;131;2,25870;296
;;;132;2,75784;36;;132;2,25627;295
;;;133;2,75407;36;;133;2,25385;311
;;;134;2,75031;40;;134;2,25143;321
;;;135;2,74657;39;;135;2,24902;334
;;;136;2,74283;37;;136;2,24662;342
;;;137;2,73910;38;;137;2,24422;359
;;;138;2,73539;38;;138;2,24182;372
;;;139;2,73168;40;;139;2,23943;386
;;;140;2,72798;39;;140;2,23705;402
;;;141;2,72430;40;;141;2,23467;421
;;;142;2,72062;41;;142;2,23229;433
;;;143;2,71695;41;;143;2,22992;448
;;;144;2,71330;43;;144;2,22756;462
;;;145;2,70965;42;;145;2,22520;475
;;;146;2,70601;40;;146;2,22284;490
;;;147;2,70239;39;;147;2,22049;504
;;;148;2,69877;36;;148;2,21815;520
;;;149;2,69516;36;;149;2,21581;531
;;;150;2,69156;33;;150;2,21347;536
;;;151;2,68797;30;;151;2,21114;543
;;;152;2,68439;26;;152;2,20882;553
;;;153;2,68082;21;;153;2,20650;558
;;;154;2,67726;20;;154;2,20418;570
;;;155;2,67371;19;;155;2,20187;577
;;;156;2,67017;18;;156;2,19957;589
;;;157;2,66664;20;;157;2,19727;604
;;;158;2,66312;20;;158;2,19497;620
;;;159;2,65960;25;;159;2,19268;638
;;;160;2,65610;25;;160;2,19039;658
;;;161;2,65260;26;;161;2,18811;683
;;;162;2,64912;28;;162;2,18583;714
;;;163;2,64564;35;;163;2,18356;755
;;;164;2,64217;40;;164;2,18130;793
;;;165;2,63872;49;;165;2,17903;839
;;;166;2,63527;59;;166;2,17677;890
;;;167;2,63183;75;;167;2,17452;950
;;;168;2,62840;93;;168;2,17227;1016
;;;169;2,62497;114;;169;2,17003;1087
;;;170;2,62156;140;;170;2,16779;1164
;;;171;2,61816;170;;171;2,16555;1241
;;;172;2,61476;203;;172;2,16332;1327
;;;173;2,61137;246;;173;2,16110;1420
;;;174;2,60799;293;;174;2,15888;1510
;;;175;2,60462;344;;175;2,15666;1596
;;;176;2,60126;394;;176;2,15445;1683
;;;177;2,59791;445;;177;2,15224;1769
;;;178;2,59457;494;;178;2,15004;1843
;;;179;2,59123;541;;179;2,14784;1911
;;;180;2,58791;579;;180;2,14565;1969
;;;181;2,58459;618;;181;2,14346;2032
;;;182;2,58128;648;;182;2,14127;2079
;;;183;2,57798;669;;183;2,13909;2120
;;;184;2,57469;682;;184;2,13691;2151
;;;185;2,57140;687;;185;2,13474;2178
;;;186;2,56813;683;;186;2,13258;2198
;;;187;2,56486;671;;187;2,13041;2204
;;;188;2,56160;654;;188;2,12825;2208
;;;189;2,55835;633;;189;2,12610;2204
;;;190;2,55511;609;;190;2,12395;2197
;;;191;2,55187;580;;191;2,12181;2183
;;;192;2,54865;548;;192;2,11966;2170
;;;193;2,54543;514;;193;2,11753;2156
;;;194;2,54222;481;;194;2,11540;2141
;;;195;2,53902;446;;195;2,11327;2125
;;;196;2,53582;413;;196;2,11114;2105
;;;197;2,53264;384;;197;2,10902;2094
;;;198;2,52946;355;;198;2,10691;2086
;;;199;2,52629;326;;199;2,10480;2075
;;;200;2,52313;301;;200;2,10269;2061
;;;201;2,51997;277;;201;2,10059;2057
;;;202;2,51683;257;;202;2,09849;2048
;;;203;2,51369;240;;203;2,09639;2045
;;;204;2,51056;230;;204;2,09430;2047
;;;205;2,50744;221;;205;2,09222;2052
;;;206;2,50432;215;;206;2,09014;2049
;;;207;2,50122;219;;207;2,08806;2061
;;;208;2,49812;229;;208;2,08599;2067
;;;209;2,49502;252;;209;2,08392;2070
;;;210;2,49194;288;;210;2,08185;2078
;;;211;2,48886;347;;211;2,07979;2087
;;;212;2,48579;420;;212;2,07773;2089
;;;213;2,48273;517;;213;2,07568;2091
;;;214;2,47968;639;;214;2,07363;2089
;;;215;2,47663;785;;215;2,07159;2075
;;;216;2,47359;962;;216;2,06954;2068
;;;217;2,47056;1166;;217;2,06751;2051
;;;218;2,46754;1397;;218;2,06547;2038
;;;219;2,46452;1651;;219;2,06345;2014
;;;220;2,46151;1926;;220;2,06142;1999
;;;221;2,45851;2219;;221;2,05940;1973
;;;222;2,45552;2530;;222;2,05738;1946
;;;223;2,45253;2845;;223;2,05537;1919
;;;224;2,44955;3164;;224;2,05336;1892
;;;225;2,44658;3481;;225;2,05135;1864
;;;226;2,44361;3792;;226;2,04935;1834
;;;227;2,44065;4092;;227;2,04736;1801
;;;228;2,43770;4379;;228;2,04536;1767
;;;229;2,43476;4650;;229;2,04337;1735
;;;230;2,43182;4896;;230;2,04139;1705
;;;231;2,42889;5122;;231;2,03941;1674
;;;232;2,42597;5326;;232;2,03743;1638
;;;233;2,42305;5502;;233;2,03545;1609
;;;234;2,42014;5653;;234;2,03348;1579
;;;235;2,41724;5778;;235;2,03152;1550
;;;236;2,41435;5873;;236;2,02955;1527
;;;237;2,41146;5945;;237;2,02759;1504
;;;238;2,40858;5990;;238;2,02564;1479
;;;239;2,40570;6010;;239;2,02369;1460
;;;240;2,40284;6008;;240;2,02174;1442
;;;241;2,39998;5982;;241;2,01980;1424
;;;242;2,39712;5937;;242;2,01786;1401
;;;243;2,39427;5870;;243;2,01592;1384
;;;244;2,39143;5783;;244;2,01399;1358
;;;245;2,38860;5671;;245;2,01206;1340
;;;246;2,38577;5542;;246;2,01013;1323
;;;247;2,38295;5397;;247;2,00821;1310
;;;248;2,38014;5235;;248;2,00629;1300
;;;249;2,37733;5060;;249;2,00438;1300
;;;250;2,37453;4879;;250;2,00247;1287
;;;251;2,37174;4686;;251;2,00056;1296
;;;252;2,36895;4482;;252;1,99866;1297
;;;253;2,36617;4273;;253;1,99676;1302
;;;254;2,36340;4063;;254;1,99486;1310
;;;255;2,36063;3847;;255;1,99297;1323
;;;256;2,35787;3634;;256;1,99108;1340
;;;257;2,35512;3424;;257;1,98919;1358
;;;258;2,35237;3215;;258;1,98731;1374
;;;259;2,34963;3009;;259;1,98543;1390
;;;260;2,34689;2809;;260;1,98356;1413
;;;261;2,34416;2620;;261;1,98169;1428
;;;262;2,34144;2443;;262;1,97982;1442
;;;263;2,33872;2276;;263;1,97795;1466
;;;264;2,33601;2119;;264;1,97609;1479
;;;265;2,33331;1982;;265;1,97424;1488
;;;266;2,33061;1859;;266;1,97238;1497
;;;267;2,32792;1754;;267;1,97053;1507
;;;268;2,32524;1672;;268;1,96869;1512
;;;269;2,32256;1611;;269;1,96684;1516
;;;270;2,31988;1577;;270;1,96500;1514
;;;271;2,31722;1566;;271;1,96317;1510
;;;272;2,31456;1583;;272;1,96133;1499
;;;273;2,31190;1627;;273;1,95950;1484
;;;274;2,30925;1695;;274;1,95768;1468
;;;275;2,30661;1788;;275;1,95585;1455
;;;276;2,30398;1910;;276;1,95403;1438
;;;277;2,30135;2054;;277;1,95222;1418
;;;278;2,29872;2217;;278;1,95041;1399
;;;279;2,29610;2401;;279;1,94860;1377
;;;280;2,29349;2599;;280;1,94679;1354
;;;281;2,29089;2807;;281;1,94499;1325
;;;282;2,28829;3021;;282;1,94319;1297
;;;283;2,28569;3245;;283;1,94139;1270
;;;284;2,28310;3464;;284;1,93960;1244
;;;285;2,28052;3687;;285;1,93781;1220
;;;286;2,27794;3906;;286;1,93603;1191
;;;287;2,27537;4117;;287;1,93424;1172
;;;288;2,27281;4321;;288;1,93246;1152
;;;289;2,27025;4510;;289;1,93069;1127
;;;290;2,26769;4689;;290;1,92891;1106
;;;291;2,26515;4857;;291;1,92714;1089
;;;292;2,26260;5010;;292;1,92538;1070
;;;293;2,26007;5148;;293;1,92361;1054
;;;294;2,25754;5273;;294;1,92185;1042
;;;295;2,25501;5381;;295;1,92010;1024
;;;296;2,25249;5473;;296;1,91834;1022
;;;297;2,24998;5548;;297;1,91659;1016
;;;298;2,24747;5606;;298;1,91485;1015
;;;299;2,24497;5651;;299;1,91310;1019
;;;300;2,24247;5678;;300;1,91136;1033
;;;301;2,23998;5691;;301;1,90962;1054
;;;302;2,23749;5680;;302;1,90789;1094
;;;303;2,23501;5654;;303;1,90616;1141
;;;304;2,23254;5609;;304;1,90443;1206
;;;305;2,23007;5545;;305;1,90271;1279
;;;306;2,22760;5467;;306;1,90098;1374
;;;307;2,22514;5364;;307;1,89927;1481
;;;308;2,22269;5326;;308;1,89755;1611
;;;309;2,22024;5261;;309;1,89584;1763
;;;310;2,21780;5168;;310;1,89413;1930
;;;311;2,21536;5043;;311;1,89242;2113
;;;312;2,21293;4883;;312;1,89072;2314
;;;313;2,21050;4684;;313;1,88902;2533
;;;314;2,20808;4448;;314;1,88732;2758
;;;315;2,20567;4177;;315;1,88563;2997
;;;316;2,20326;3876;;316;1,88393;3250
;;;317;2,20085;3544;;317;1,88225;3509
;;;318;2,19845;3192;;318;1,88056;3778
;;;319;2,19606;2844;;319;1,87888;4046
;;;320;2,19367;2506;;320;1,87720;4308
;;;321;2,19128;2187;;321;1,87552;4575
;;;322;2,18890;1887;;322;1,87385;4839
;;;323;2,18653;1614;;323;1,87218;5093
;;;324;2,18416;1363;;324;1,87051;5338
;;;325;2,18180;1141;;325;1,86885;5567
;;;326;2,17944;945;;326;1,86719;5780
;;;327;2,17708;781;;327;1,86553;5983
;;;328;2,17474;641;;328;1,86388;6164
;;;329;2,17239;527;;329;1,86222;6339
;;;330;2,17005;434;;330;1,86057;6488
;;;331;2,16772;360;;331;1,85893;6623
;;;332;2,16539;305;;332;1,85728;6737
;;;333;2,16307;262;;333;1,85564;6840
;;;334;2,16075;234;;334;1,85400;6924
;;;335;2,15844;213;;335;1,85237;6997
;;;336;2,15613;200;;336;1,85074;7053
;;;337;2,15382;193;;337;1,84911;7098
;;;338;2,15153;188;;338;1,84748;7128
;;;339;2,14923;187;;339;1,84586;7134
;;;340;2,14694;187;;340;1,84424;7129
;;;341;2,14466;190;;341;1,84262;7111
;;;342;2,14238;193;;342;1,84101;7077
;;;343;2,14011;200;;343;1,83939;7041
;;;344;2,13784;203;;344;1,83778;6985
;;;345;2,13557;207;;345;1,83618;6924
;;;346;2,13331;210;;346;1,83457;6848
;;;347;2,13106;211;;347;1,83297;6770
;;;348;2,12881;212;;348;1,83138;6667
;;;349;2,12656;210;;349;1,82978;6564
;;;350;2,12432;213;;350;1,82819;6448
;;;351;2,12208;206;;351;1,82660;6334
;;;352;2,11985;197;;352;1,82501;6208
;;;353;2,11763;190;;353;1,82343;6085
;;;354;2,11540;184;;354;1,82185;5956
;;;355;2,11319;177;;355;1,82027;5822
;;;356;2,11097;169;;356;1,81869;5680
;;;357;2,10877;161;;357;1,81712;5533
;;;358;2,10656;153;;358;1,81555;5392
;;;359;2,10436;145;;359;1,81398;5243
;;;360;2,10217;138;;360;1,81241;5090
;;;361;2,09998;133;;361;1,81085;4942
;;;362;2,09779;133;;362;1,80929;4784
;;;363;2,09561;130;;363;1,80773;4624
;;;364;2,09344;128;;364;1,80618;4466
;;;365;2,09127;128;;365;1,80463;4315
;;;366;2,08910;127;;366;1,80308;4161
;;;367;2,08694;130;;367;1,80153;4007
;;;368;2,08478;133;;368;1,79999;3860
;;;369;2,08262;138;;369;1,79845;3710
;;;370;2,08047;142;;370;1,79691;3566
;;;371;2,07833;147;;371;1,79537;3417
;;;372;2,07619;148;;372;1,79384;3280
;;;373;2,07405;152;;373;1,79231;3145
;;;374;2,07192;157;;374;1,79078;3009
;;;375;2,06979;163;;375;1,78926;2884
;;;376;2,06767;171;;376;1,78773;2756
;;;377;2,06555;180;;377;1,78621;2638
;;;378;2,06344;186;;378;1,78470;2517
;;;379;2,06133;197;;379;1,78318;2403
;;;380;2,05922;210;;380;1,78167;2291
;;;381;2,05712;223;;381;1,78016;2186
;;;382;2,05502;237;;382;1,77865;2084
;;;383;2,05293;248;;383;1,77715;1988
;;;384;2,05084;261;;384;1,77564;1900
;;;385;2,04876;277;;385;1,77414;1823
;;;386;2,04668;291;;386;1,77265;1744
;;;387;2,04460;304;;387;1,77115;1667
;;;388;2,04253;320;;388;1,76966;1595
;;;389;2,04047;332;;389;1,76817;1529
;;;390;2,03840;339;;390;1,76668;1466
;;;391;2,03634;347;;391;1,76520;1403
;;;392;2,03429;350;;392;1,76372;1354
;;;393;2,03224;354;;393;1,76224;1312
;;;394;2,03019;357;;394;1,76076;1270
;;;395;2,02815;353;;395;1,75929;1235
;;;396;2,02611;350;;396;1,75781;1198
;;;397;2,02408;340;;397;1,75634;1171
;;;398;2,02205;334;;398;1,75488;1142
;;;399;2,02002;326;;399;1,75341;1115
;;;400;2,01800;317;;400;1,75195;1096
;;;401;2,01598;307;;401;1,75049;1073
;;;402;2,01397;297;;402;1,74903;1060
;;;403;2,01196;290;;403;1,74758;1046
;;;404;2,00995;280;;404;1,74612;1033
;;;405;2,00795;269;;405;1,74467;1024
;;;406;2,00595;260;;406;1,74323;1011
;;;407;2,00396;253;;407;1,74178;1007
;;;408;2,00197;246;;408;1,74034;1005
;;;409;1,99998;237;;409;1,73890;1000
;;;410;1,99800;233;;410;1,73746;999
;;;411;1,99602;227;;411;1,73602;1008
;;;412;1,99404;224;;412;1,73459;1011
;;;413;1,99207;220;;413;1,73316;1020
;;;414;1,99011;220;;414;1,73173;1023
;;;415;1,98815;220;;415;1,73030;1030
;;;416;1,98619;221;;416;1,72888;1027
;;;417;1,98423;219;;417;1,72746;1027
;;;418;1,98228;218;;418;1,72604;1026
;;;419;1,98033;214;;419;1,72462;1026
;;;420;1,97839;210;;420;1,72321;1018
;;;421;1,97645;208;;421;1,72179;1018
;;;422;1,97451;203;;422;1,72038;1012
;;;423;1,97258;198;;423;1,71897;1018
;;;424;1,97065;189;;424;1,71757;1018
;;;425;1,96873;179;;425;1,71617;1019
;;;426;1,96681;174;;426;1,71477;1019
;;;427;1,96489;171;;427;1,71337;1018
;;;428;1,96298;164;;428;1,71197;1019
;;;429;1,96107;157;;429;1,71058;1016
;;;430;1,95916;150;;430;1,70918;1011
;;;431;1,95726;143;;431;1,70779;1011
;;;432;1,95536;134;;432;1,70641;1015
;;;433;1,95347;127;;433;1,70502;1020
;;;434;1,95158;120;;434;1,70364;1024
;;;435;1,94969;113;;435;1,70226;1024
;;;436;1,94781;106;;436;1,70088;1027
;;;437;1,94593;100;;437;1,69950;1031
;;;438;1,94405;92;;438;1,69813;1041
;;;439;1,94218;89;;439;1,69676;1046
;;;440;1,94031;86;;440;1,69539;1057
;;;441;1,93844;83;;441;1,69402;1075
;;;442;1,93658;80;;442;1,69266;1089
;;;443;1,93472;77;;443;1,69129;1107
;;;444;1,93287;73;;444;1,68993;1127
;;;445;1,93101;72;;445;1,68858;1145
;;;446;1,92917;70;;446;1,68722;1160
;;;447;1,92732;68;;447;1,68586;1182
;;;448;1,92548;71;;448;1,68451;1206
;;;449;1,92364;70;;449;1,68316;1232
;;;450;1,92181;67;;450;1,68182;1259
;;;451;1,91998;65;;451;1,68047;1289
;;;452;1,91815;64;;452;1,67913;1323
;;;453;1,91633;61;;453;1,67779;1358
;;;454;1,91451;58;;454;1,67645;1401
;;;455;1,91269;60;;455;1,67511;1436
;;;456;1,91088;61;;456;1,67377;1477
;;;457;1,90907;60;;457;1,67244;1522
;;;458;1,90727;60;;458;1,67111;1564
;;;459;1,90546;59;;459;1,66978;1603
;;;460;1,90366;59;;460;1,66846;1643
;;;461;1,90187;61;;461;1,66713;1683
;;;462;1,90007;62;;462;1,66581;1712
;;;463;1,89829;61;;463;1,66449;1748
;;;464;1,89650;60;;464;1,66317;1771
;;;465;1,89472;60;;465;1,66186;1794
;;;466;1,89294;63;;466;1,66054;1812
;;;467;1,89116;64;;467;1,65923;1826
;;;468;1,88939;64;;468;1,65792;1838
;;;469;1,88762;63;;469;1,65661;1845
;;;470;1,88586;66;;470;1,65531;1850
;;;471;1,88409;70;;471;1,65401;1842
;;;472;1,88233;69;;472;1,65270;1836
;;;473;1,88058;71;;473;1,65141;1828
;;;474;1,87883;70;;474;1,65011;1807
;;;475;1,87708;66;;475;1,64881;1792
;;;476;1,87533;66;;476;1,64752;1770
;;;477;1,87359;65;;477;1,64623;1744
;;;478;1,87185;63;;478;1,64494;1716
;;;479;1,87011;60;;479;1,64365;1678
;;;480;1,86838;60;;480;1,64237;1640
;;;481;1,86665;60;;481;1,64108;1609
;;;482;1,86492;61;;482;1,63980;1573
;;;483;1,86320;57;;483;1,63852;1541
;;;484;1,86148;58;;484;1,63725;1515
;;;485;1,85976;55;;485;1,63597;1479
;;;486;1,85805;54;;486;1,63470;1449
;;;487;1,85633;53;;487;1,63343;1420
;;;488;1,85463;53;;488;1,63216;1385
;;;489;1,85292;52;;489;1,63089;1348
;;;490;1,85122;50;;490;1,62963;1312
;;;491;1,84952;53;;491;1,62836;1275
;;;492;1,84783;52;;492;1,62710;1243
;;;493;1,84614;54;;493;1,62584;1210
;;;494;1,84445;55;;494;1,62458;1180
;;;495;1,84276;54;;495;1,62333;1149
;;;496;1,84108;54;;496;1,62208;1122
;;;497;1,83940;56;;497;1,62082;1095
;;;498;1,83772;56;;498;1,61957;1062
;;;499;1,83605;52;;499;1,61833;1028
;;;500;1,83438;53;;500;1,61708;1003
;;;501;1,83271;53;;501;1,61584;977
;;;502;1,83104;53;;502;1,61459;953
;;;503;1,82938;52;;503;1,61335;928
;;;504;1,82772;53;;504;1,61212;910
;;;505;1,82607;51;;505;1,61088;892
;;;506;1,82442;50;;506;1,60965;881
;;;507;1,82277;50;;507;1,60841;860
;;;508;1,82112;49;;508;1,60718;845
;;;509;1,81948;50;;509;1,60595;832
;;;510;1,81784;51;;510;1,60473;821
;;;511;1,81620;53;;511;1,60350;805
;;;512;1,81456;55;;512;1,60228;791
;;;513;1,81293;56;;513;1,60106;779
;;;514;1,81130;58;;514;1,59984;763
;;;515;1,80968;58;;515;1,59862;759
;;;516;1,80805;61;;516;1,59740;752
;;;517;1,80643;66;;517;1,59619;744
;;;518;1,80482;70;;518;1,59498;737
;;;519;1,80320;71;;519;1,59377;737
;;;520;1,80159;72;;520;1,59256;733
;;;521;1,79998;76;;521;1,59135;727
;;;522;1,79838;77;;522;1,59015;725
;;;523;1,79677;80;;523;1,58895;727
;;;524;1,79517;85;;524;1,58775;730
;;;525;1,79358;90;;525;1,58655;734
;;;526;1,79198;94;;526;1,58535;744
;;;527;1,79039;101;;527;1,58415;748
;;;528;1,78880;106;;528;1,58296;748
;;;529;1,78722;109;;529;1,58177;752
;;;530;1,78563;113;;530;1,58058;756
;;;531;1,78405;116;;531;1,57939;755
;;;532;1,78248;121;;532;1,57820;755
;;;533;1,78090;121;;533;1,57702;757
;;;534;1,77933;123;;534;1,57583;759
;;;535;1,77776;123;;535;1,57465;756
;;;536;1,77619;120;;536;1,57347;756
;;;537;1,77463;116;;537;1,57230;755
;;;538;1,77307;116;;538;1,57112;759
;;;539;1,77151;113;;539;1,56995;757
;;;540;1,76996;108;;540;1,56877;756
;;;541;1,76840;106;;541;1,56760;751
;;;542;1,76685;103;;542;1,56643;746
;;;543;1,76531;96;;543;1,56527;748
;;;544;1,76376;95;;544;1,56410;748
;;;545;1,76222;86;;545;1,56294;740
;;;546;1,76068;87;;546;1,56177;730
;;;547;1,75914;82;;547;1,56061;727
;;;548;1,75761;80;;548;1,55946;721
;;;549;1,75608;76;;549;1,55830;723
;;;550;1,75455;76;;550;1,55714;721
;;;551;1,75303;73;;551;1,55599;715
;;;552;1,75150;69;;552;1,55484;710
;;;553;1,74998;67;;553;1,55369;700
;;;554;1,74846;62;;554;1,55254;691
;;;555;1,74695;60;;555;1,55139;691
;;;556;1,74544;56;;556;1,55025;683
;;;557;1,74393;54;;557;1,54911;676
;;;558;1,74242;50;;558;1,54796;676
;;;559;1,74091;46;;559;1,54682;668
;;;560;1,73941;43;;560;1,54569;658
;;;561;1,73791;42;;561;1,54455;653
;;;562;1,73642;38;;562;1,54341;650
;;;563;1,73492;37;;563;1,54228;657
;;;564;1,73343;34;;564;1,54115;660
;;;565;1,73194;33;;565;1,54002;671
;;;566;1,73045;33;;566;1,53889;676
;;;567;1,72897;32;;567;1,53777;679
;;;568;1,72749;30;;568;1,53664;685
;;;569;1,72601;30;;569;1,53552;692
;;;570;1,72453;30;;570;1,53440;692
;;;571;1,72306;30;;571;1,53328;700
;;;572;1,72159;30;;572;1,53216;709
;;;573;1,72012;26;;573;1,53104;714
;;;574;1,71865;23;;574;1,52993;718
;;;575;1,71719;23;;575;1,52881;726
;;;576;1,71573;21;;576;1,52770;729
;;;577;1,71427;20;;577;1,52659;738
;;;578;1,71281;22;;578;1,52548;742
;;;579;1,71136;26;;579;1,52437;751
;;;580;1,70991;30;;580;1,52327;749
;;;581;1,70846;31;;581;1,52216;746
;;;582;1,70701;32;;582;1,52106;746
;;;583;1,70557;30;;583;1,51996;746
;;;584;1,70412;31;;584;1,51886;749
;;;585;1,70269;30;;585;1,51777;751
;;;586;1,70125;26;;586;1,51667;760
;;;587;1,69981;26;;587;1,51558;753
;;;588;1,69838;26;;588;1,51448;760
;;;589;1,69695;26;;589;1,51339;759
;;;590;1,69553;25;;590;1,51230;752
;;;591;1,69410;26;;591;1,51121;749
;;;592;1,69268;27;;592;1,51013;742
;;;593;1,69126;29;;593;1,50904;734
;;;594;1,68984;32;;594;1,50796;725
;;;595;1,68843;32;;595;1,50688;717
;;;596;1,68701;33;;596;1,50580;711
;;;597;1,68560;29;;597;1,50472;707
;;;598;1,68419;30;;598;1,50364;692
;;;599;1,68279;30;;599;1,50257;683
;;;600;1,68138;30;;600;1,50149;672
;;;601;1,67998;30;;601;1,50042;664
;;;602;1,67858;28;;602;1,49935;654
;;;603;1,67719;30;;603;1,49828;649
;;;604;1,67579;27;;604;1,49721;642
;;;605;1,67440;28;;605;1,49614;634
;;;606;1,67301;26;;606;1,49508;623
;;;607;1,67162;28;;607;1,49402;610
;;;608;1,67024;29;;608;1,49295;600
;;;609;1,66886;29;;609;1,49189;591
;;;610;1,66748;28;;610;1,49084;584
;;;611;1,66610;28;;611;1,48978;574
;;;612;1,66472;33;;612;1,48872;563
;;;613;1,66335;34;;613;1,48767;563
;;;614;1,66198;36;;614;1,48662;561
;;;615;1,66061;37;;615;1,48556;554
;;;616;1,65924;36;;616;1,48451;544
;;;617;1,65788;36;;617;1,48347;539
;;;618;1,65652;38;;618;1,48242;535
;;;619;1,65516;40;;619;1,48137;527
;;;620;1,65380;39;;620;1,48033;524
;;;621;1,65244;39;;621;1,47929;516
;;;622;1,65109;39;;622;1,47825;509
;;;623;1,64974;38;;623;1,47721;507
;;;624;1,64839;39;;624;1,47617;504
;;;625;1,64704;41;;625;1,47513;493
;;;626;1,64570;41;;626;1,47410;493
;;;627;1,64436;43;;627;1,47306;486
;;;628;1,64302;43;;628;1,47203;475
;;;629;1,64168;42;;629;1,47100;467
;;;630;1,64034;46;;630;1,46997;464
;;;631;1,63901;45;;631;1,46894;452
;;;632;1,63768;43;;632;1,46792;447
;;;633;1,63635;43;;633;1,46689;435
;;;634;1,63502;44;;634;1,46587;428
;;;635;1,63369;44;;635;1,46484;418
;;;636;1,63237;46;;636;1,46382;408
;;;637;1,63105;46;;637;1,46280;397
;;;638;1,62973;50;;638;1,46179;386
;;;639;1,62842;53;;639;1,46077;375
;;;640;1,62710;56;;640;1,45975;370
;;;641;1,62579;59;;641;1,45874;363
;;;642;1,62448;61;;642;1,45773;360
;;;643;1,62317;63;;643;1,45672;352
;;;644;1,62187;68;;644;1,45571;345
;;;645;1,62056;72;;645;1,45470;336
;;;646;1,61926;73;;646;1,45369;333
;;;647;1,61796;76;;647;1,45269;329
;;;648;1,61666;75;;648;1,45168;324
;;;649;1,61537;75;;649;1,45068;311
;;;650;1,61407;76;;650;1,44968;303
;;;651;1,61278;77;;651;1,44868;300
;;;652;1,61149;79;;652;1,44768;298
;;;653;1,61021;83;;653;1,44669;298
;;;654;1,60892;86;;654;1,44569;299
;;;655;1,60764;86;;655;1,44470;298
;;;656;1,60636;88;;656;1,44370;296
;;;657;1,60508;86;;657;1,44271;299
;;;658;1,60380;83;;658;1,44172;296
;;;659;1,60253;77;;659;1,44073;299
;;;660;1,60125;74;;660;1,43974;302
;;;661;1,59998;74;;661;1,43876;307
;;;662;1,59871;71;;662;1,43777;307
;;;663;1,59745;68;;663;1,43679;306
;;;664;1,59618;61;;664;1,43581;303
;;;665;1,59492;57;;665;1,43483;305
;;;666;1,59366;57;;666;1,43385;307
;;;667;1,59240;53;;667;1,43287;309
;;;668;1,59114;52;;668;1,43189;311
;;;669;1,58989;50;;669;1,43092;310
;;;670;1,58864;46;;670;1,42994;306
;;;671;1,58739;47;;671;1,42897;300
;;;672;1,58614;45;;672;1,42800;298
;;;673;1,58489;46;;673;1,42703;294
;;;674;1,58364;43;;674;1,42606;294
;;;675;1,58240;43;;675;1,42509;294
;;;676;1,58116;43;;676;1,42413;295
;;;677;1,57992;40;;677;1,42316;299
;;;678;1,57868;39;;678;1,42220;298
;;;679;1,57745;36;;679;1,42124;295
;;;680;1,57622;39;;680;1,42028;295
;;;681;1,57498;39;;681;1,41932;292
;;;682;1,57375;43;;682;1,41836;292
;;;683;1,57253;43;;683;1,41740;291
;;;684;1,57130;43;;684;1,41644;292
;;;685;1,57008;46;;685;1,41549;291
;;;686;1,56886;45;;686;1,41454;295
;;;687;1,56764;46;;687;1,41359;294
;;;688;1,56642;40;;688;1,41263;294
;;;689;1,56520;38;;689;1,41169;292
;;;690;1,56399;38;;690;1,41074;288
;;;691;1,56277;39;;691;1,40979;280
;;;692;1,56156;37;;692;1,40884;279
;;;693;1,56036;39;;693;1,40790;273
;;;694;1,55915;38;;694;1,40696;272
;;;695;1,55794;40;;695;1,40602;271
;;;696;1,55674;39;;696;1,40508;269
;;;697;1,55554;35;;697;1,40414;269
;;;698;1,55434;33;;698;1,40320;269
;;;699;1,55314;34;;699;1,40226;269
;;;700;1,55195;36;;700;1,40133;272
;;;701;1,55075;35;;701;1,40039;273
;;;702;1,54956;34;;702;1,39946;275
;;;703;1,54837;30;;703;1,39853;271
;;;704;1,54718;27;;704;1,39760;271
;;;705;1,54600;25;;705;1,39667;267
;;;706;1,54481;23;;706;1,39574;260
;;;707;1,54363;20;;707;1,39481;254
;;;708;1,54245;23;;708;1,39389;254
;;;709;1,54127;21;;709;1,39296;257
;;;710;1,54009;24;;710;1,39204;254
;;;711;1,53892;23;;711;1,39112;253
;;;712;1,53774;24;;712;1,39020;253
;;;713;1,53657;25;;713;1,38928;250
;;;714;1,53540;24;;714;1,38836;250
;;;715;1,53423;23;;715;1,38744;258
;;;716;1,53306;19;;716;1,38653;257
;;;717;1,53190;17;;717;1,38561;260
;;;718;1,53074;20;;718;1,38470;257
;;;719;1,52957;20;;719;1,38379;256
;;;720;1,52842;20;;720;1,38288;254
;;;721;1,52726;22;;721;1,38197;250
;;;722;1,52610;24;;722;1,38106;248
;;;723;1,52495;26;;723;1,38015;242
;;;724;1,52379;31;;724;1,37924;242
;;;725;1,52264;30;;725;1,37834;244
;;;726;1,52149;27;;726;1,37743;235
;;;727;1,52035;25;;727;1,37653;235
;;;728;1,51920;24;;728;1,37563;234
;;;729;1,51806;23;;729;1,37473;233
;;;730;1,51691;22;;730;1,37383;230
;;;731;1,51577;20;;731;1,37293;234
;;;732;1,51464;16;;732;1,37204;233
;;;733;1,51350;14;;733;1,37114;230
;;;734;1,51236;16;;734;1,37025;229
;;;735;1,51123;16;;735;1,36935;229
;;;736;1,51010;13;;736;1,36846;222
;;;737;1,50897;12;;737;1,36757;227
;;;738;1,50784;16;;738;1,36668;219
;;;739;1,50671;14;;739;1,36579;219
;;;740;1,50559;16;;740;1,36490;222
;;;741;1,50446;13;;741;1,36402;220
;;;742;1,50334;15;;742;1,36313;220
;;;743;1,50222;14;;743;1,36225;223
;;;744;1,50110;16;;744;1,36137;223
;;;745;1,49998;19;;745;1,36048;229
;;;746;1,49887;20;;746;1,35960;223
;;;747;1,49776;21;;747;1,35872;220
;;;748;1,49664;20;;748;1,35785;219
;;;749;1,49553;21;;749;1,35697;215
;;;750;1,49443;20;;750;1,35609;207
;;;751;1,49332;21;;751;1,35522;203
;;;752;1,49221;21;;752;1,35434;192
;;;753;1,49111;20;;753;1,35347;193
;;;754;1,49001;18;;754;1,35260;195
;;;755;1,48891;17;;755;1,35173;191
;;;756;1,48781;16;;756;1,35086;188
;;;757;1,48671;13;;757;1,34999;178
;;;758;1,48561;11;;758;1,34912;177
;;;759;1,48452;13;;759;1,34826;172
;;;760;1,48343;13;;760;1,34739;173
;;;761;1,48234;17;;761;1,34653;172
;;;762;1,48125;19;;762;1,34567;174
;;;763;1,48016;20;;763;1,34481;172
;;;764;1,47908;18;;764;1,34395;172
;;;765;1,47799;18;;765;1,34309;164
;;;766;1,47691;19;;766;1,34223;159
;;;767;1,47583;18;;767;1,34137;155
;;;768;1,47475;15;;768;1,34052;150
;;;769;1,47367;12;;769;1,33966;153
;;;770;1,47259;12;;770;1,33881;154
;;;771;1,47152;13;;771;1,33795;155
;;;772;1,47044;14;;772;1,33710;153
;;;773;1,46937;18;;773;1,33625;154
;;;774;1,46830;20;;774;1,33540;159
;;;775;1,46723;22;;775;1,33455;161
;;;776;1,46617;24;;776;1,33371;158
;;;777;1,46510;26;;777;1,33286;158
;;;778;1,46404;29;;778;1,33201;168
;;;779;1,46297;30;;779;1,33117;170
;;;780;1,46191;32;;780;1,33033;172
;;;781;1,46085;32;;781;1,32949;176
;;;782;1,45980;30;;782;1,32864;172
;;;783;1,45874;32;;783;1,32780;176
;;;784;1,45769;33;;784;1,32697;173
;;;785;1,45663;35;;785;1,32613;174
;;;786;1,45558;36;;786;1,32529;176
;;;787;1,45453;36;;787;1,32446;172
;;;788;1,45348;35;;788;1,32362;176
;;;789;1,45243;32;;789;1,32279;176
;;;790;1,45139;28;;790;1,32196;177
;;;791;1,45034;29;;791;1,32112;178
;;;792;1,44930;26;;792;1,32029;181
;;;793;1,44826;27;;793;1,31946;183
;;;794;1,44722;27;;794;1,31864;180
;;;795;1,44618;29;;795;1,31781;185
;;;796;1,44515;26;;796;1,31698;187
;;;797;1,44411;24;;797;1,31616;189
;;;798;1,44308;24;;798;1,31533;191
;;;799;1,44205;20;;799;1,31451;197
;;;800;1,44101;20;;800;1,31369;200
;;;801;1,43999;18;;801;1,31287;204
;;;802;1,43896;18;;802;1,31205;207
;;;803;1,43793;17;;803;1,31123;204
;;;804;1,43691;19;;804;1,31041;206
;;;805;1,43588;23;;805;1,30959;210
;;;806;1,43486;26;;806;1,30878;207
;;;807;1,43384;23;;807;1,30796;206
;;;808;1,43282;24;;808;1,30715;206
;;;809;1,43180;23;;809;1,30634;207
;;;810;1,43079;24;;810;1,30552;207
;;;811;1,42977;26;;811;1,30471;199
;;;812;1,42876;26;;812;1,30390;197
;;;813;1,42775;26;;813;1,30309;197
;;;814;1,42674;26;;814;1,30229;196
;;;815;1,42573;24;;815;1,30148;200
;;;816;1,42472;23;;816;1,30067;196
;;;817;1,42371;20;;817;1,29987;200
;;;818;1,42271;19;;818;1,29906;197
;;;819;1,42171;18;;819;1,29826;195
;;;820;1,42070;19;;820;1,29746;188
;;;821;1,41970;20;;821;1,29666;188
;;;822;1,41870;18;;822;1,29586;191
;;;823;1,41771;16;;823;1,29506;191
;;;824;1,41671;18;;824;1,29426;187
;;;825;1,41572;19;;825;1,29347;185
;;;826;1,41472;20;;826;1,29267;187
;;;827;1,41373;18;;827;1,29187;188
;;;828;1,41274;25;;828;1,29108;189
;;;829;1,41175;26;;829;1,29029;183
;;;830;1,41076;26;;830;1,28949;176
;;;831;1,40978;26;;831;1,28870;170
;;;832;1,40879;26;;832;1,28791;165
;;;833;1,40781;28;;833;1,28712;162
;;;834;1,40682;25;;834;1,28634;154
;;;835;1,40584;27;;835;1,28555;149
;;;836;1,40486;29;;836;1,28476;145
;;;837;1,40389;30;;837;1,28398;143
;;;838;1,40291;26;;838;1,28319;136
;;;839;1,40193;27;;839;1,28241;135
;;;840;1,40096;27;;840;1,28163;130
;;;841;1,39999;24;;841;1,28085;126
;;;842;1,39901;25;;842;1,28007;123
;;;843;1,39804;25;;843;1,27929;122
;;;844;1,39708;22;;844;1,27851;117
;;;845;1,39611;21;;845;1,27773;115
;;;846;1,39514;23;;846;1,27695;115
;;;847;1,39418;23;;847;1,27618;107
;;;848;1,39321;22;;848;1,27540;105
;;;849;1,39225;23;;849;1,27463;101
;;;850;1,39129;25;;850;1,27386;97
;;;851;1,39033;23;;851;1,27308;94
;;;852;1,38937;23;;852;1,27231;86
;;;853;1,38842;20;;853;1,27154;84
;;;854;1,38746;18;;854;1,27077;81
;;;855;1,38651;14;;855;1,27000;79
;;;856;1,38555;17;;856;1,26924;77
;;;857;1,38460;14;;857;1,26847;71
;;;858;1,38365;13;;858;1,26771;69
;;;859;1,38270;13;;859;1,26694;58
;;;860;1,38175;12;;860;1,26618;58
;;;861;1,38081;13;;861;1,26541;59
;;;862;1,37986;13;;862;1,26465;65
;;;863;1,37892;16;;863;1,26389;66
;;;864;1,37798;16;;864;1,26313;69
;;;865;1,37704;13;;865;1,26237;67
;;;866;1,37610;17;;866;1,26161;65
;;;867;1,37516;16;;867;1,26086;59
;;;868;1,37422;18;;868;1,26010;58
;;;869;1,37328;17;;869;1,25934;61
;;;870;1,37235;12;;870;1,25859;58
;;;871;1,37141;11;;871;1,25784;52
;;;872;1,37048;10;;872;1,25708;47
;;;873;1,36955;6;;873;1,25633;44
;;;874;1,36862;5;;874;1,25558;46
;;;875;1,36769;6;;875;1,25483;37
;;;876;1,36677;5;;876;1,25408;37
;;;877;1,36584;7;;877;1,25333;35
;;;878;1,36492;6;;878;1,25259;29
;;;879;1,36399;3;;879;1,25184;32
;;;880;1,36307;4;;880;1,25109;25
;;;881;1,36215;1;;881;1,25035;25
;;;882;1,36123;1;;882;1,24961;27
;;;883;1,36031;3;;883;1,24886;27
;;;884;1,35939;5;;884;1,24812;20
;;;885;1,35848;7;;885;1,24738;21
;;;886;1,35756;10;;886;1,24664;17
;;;887;1,35665;13;;887;1,24590;18
;;;888;1,35574;14;;888;1,24516;20
;;;889;1,35482;14;;889;1,24442;23
;;;890;1,35392;15;;890;1,24369;18
;;;891;1,35301;13;;891;1,24295;18
;;;892;1,35210;14;;892;1,24222;20
;;;893;1,35119;15;;893;1,24148;12
;;;894;1,35029;16;;894;1,24075;10
;;;895;1,34938;15;;895;1,24002;6
;;;896;1,34848;17;;896;1,23928;4
;;;897;1,34758;17;;897;1,23855;4
;;;898;1,34668;20;;898;1,23782;1
;;;899;1,34578;20;;899;1,23710;0
;;;900;1,34488;20;;900;1,23637;2
;;;901;1,34399;22;;901;1,23564;4
;;;902;1,34309;20;;902;1,23491;4
;;;903;1,34220;20;;903;1,23419;4
;;;904;1,34130;20;;904;1,23346;0
;;;905;1,34041;17;;905;1,23274;1
;;;906;1,33952;13;;906;1,23202;0
;;;907;1,33863;12;;907;1,23129;0
;;;908;1,33774;12;;908;1,23057;0
;;;909;1,33686;10;;909;1,22985;0
;;;910;1,33597;9;;910;1,22913;0
;;;911;1,33509;10;;911;1,22841;-1
;;;912;1,33420;9;;912;1,22770;0
;;;913;1,33332;10;;913;1,22698;0
;;;914;1,33244;11;;914;1,22626;0
;;;915;1,33156;11;;915;1,22555;-4
;;;916;1,33068;10;;916;1,22483;-5
;;;917;1,32980;14;;917;1,22412;-6
;;;918;1,32893;16;;918;1,22341;-2
;;;919;1,32805;16;;919;1,22269;-1
;;;920;1,32718;17;;920;1,22198;-1
;;;921;1,32630;20;;921;1,22127;-2
;;;922;1,32543;20;;922;1,22056;0
;;;923;1,32456;20;;923;1,21985;1
;;;924;1,32369;19;;924;1,21915;2
;;;925;1,32282;19;;925;1,21844;6
;;;926;1,32195;18;;926;1,21773;6
;;;927;1,32109;17;;927;1,21703;6
;;;928;1,32022;18;;928;1,21632;4
;;;929;1,31936;19;;929;1,21562;1
;;;930;1,31850;18;;930;1,21491;1
;;;931;1,31763;14;;931;1,21421;0
;;;932;1,31677;13;;932;1,21351;2
;;;933;1,31591;10;;933;1,21281;6
;;;934;1,31506;9;;934;1,21211;2
;;;935;1,31420;5;;935;1,21141;0
;;;936;1,31334;6;;936;1,21071;-4
;;;937;1,31249;9;;937;1,21002;-6
;;;938;1,31163;7;;938;1,20932;-9
;;;939;1,31078;9;;939;1,20862;-8
;;;940;1,30993;8;;940;1,20793;-8
;;;941;1,30908;9;;941;1,20723;-5
;;;942;1,30823;12;;942;1,20654;-9
;;;943;1,30738;13;;943;1,20585;-10
;;;944;1,30653;13;;944;1,20516;-13
;;;945;1,30569;16;;945;1,20447;-13
;;;946;1,30484;16;;946;1,20377;-9
;;;947;1,30400;16;;947;1,20309;-5
;;;948;1,30315;14;;948;1,20240;-6
;;;949;1,30231;14;;949;1,20171;-6
;;;950;1,30147;15;;950;1,20102;-5
;;;951;1,30063;10;;951;1,20034;-2
;;;952;1,29979;10;;952;1,19965;-2
;;;953;1,29896;8;;953;1,19897;-1
;;;954;1,29812;9;;954;1,19828;-4
;;;955;1,29728;10;;955;1,19760;-1
;;;956;1,29645;11;;956;1,19692;0
;;;957;1,29562;13;;957;1,19623;0
;;;958;1,29478;17;;958;1,19555;-4
;;;959;1,29395;20;;959;1,19487;-4
;;;960;1,29312;20;;960;1,19419;-4
;;;961;1,29229;22;;961;1,19352;-1
;;;962;1,29147;22;;962;1,19284;-5
;;;963;1,29064;23;;963;1,19216;-4
;;;964;1,28981;20;;964;1,19148;-1
;;;965;1,28899;20;;965;1,19081;0
;;;966;1,28817;16;;966;1,19013;0
;;;967;1,28734;13;;967;1,18946;8
;;;968;1,28652;11;;968;1,18879;10
;;;969;1,28570;12;;969;1,18811;14
;;;970;1,28488;15;;970;1,18744;18
;;;971;1,28406;16;;971;1,18677;18
;;;972;1,28325;16;;972;1,18610;25
;;;973;1,28243;14;;973;1,18543;27
;;;974;1,28161;14;;974;1,18476;29
;;;975;1,28080;13;;975;1,18410;29
;;;976;1,27999;13;;976;1,18343;32
;;;977;1,27917;11;;977;1,18276;32
;;;978;1,27836;8;;978;1,18210;36
;;;979;1,27755;10;;979;1,18143;28
;;;980;1,27674;12;;980;1,18077;27
;;;981;1,27594;10;;981;1,18011;21
;;;982;1,27513;10;;982;1,17944;24
;;;983;1,27432;10;;983;1,17878;21
;;;984;1,27352;13;;984;1,17812;20
;;;985;1,27271;14;;985;1,17746;18
;;;986;1,27191;16;;986;1,17680;24
;;;987;1,27111;17;;987;1,17614;25
;;;988;1,27031;16;;988;1,17548;28
;;;989;1,26951;18;;989;1,17483;27
;;;990;1,26871;14;;990;1,17417;27
;;;991;1,26791;9;;991;1,17351;20
;;;992;1,26711;6;;992;1,17286;17
;;;993;1,26632;7;;993;1,17220;20
;;;994;1,26552;4;;994;1,17155;9
;;;995;1,26473;7;;995;1,17090;10
;;;996;1,26394;9;;996;1,17024;9
;;;997;1,26315;9;;997;1,16959;0
;;;998;1,26235;12;;998;1,16894;5
;;;999;1,26156;14;;999;1,16829;1
;;;1000;1,26078;14;;1000;1,16764;0
;;;1001;1,25999;15;;1001;1,16699;-4
;;;1002;1,25920;18;;1002;1,16634;-4
;;;1003;1,25841;16;;1003;1,16570;-6
;;;1004;1,25763;17;;1004;1,16505;-5
;;;1005;1,25685;18;;1005;1,16441;-5
;;;1006;1,25606;16;;1006;1,16376;-8
;;;1007;1,25528;13;;1007;1,16312;-16
;;;1008;1,25450;13;;1008;1,16247;-16
;;;1009;1,25372;10;;1009;1,16183;-17
;;;1010;1,25294;11;;1010;1,16119;-14
;;;1011;1,25216;10;;1011;1,16055;-13
;;;1012;1,25138;12;;1012;1,15990;-16
;;;1013;1,25061;13;;1013;1,15926;-20
;;;1014;1,24983;14;;1014;1,15863;-17
;;;1015;1,24906;15;;1015;1,15799;-23
;;;1016;1,24828;15;;1016;1,15735;-21
;;;1017;1,24751;16;;1017;1,15671;-20
;;;1018;1,24674;18;;1018;1,15607;-25
;;;1019;1,24597;16;;1019;1,15544;-24
;;;1020;1,24520;16;;1020;1,15480;-17
;;;1021;1,24443;14;;1021;1,15417;-17
;;;1022;1,24366;15;;1022;1,15354;-23
;;;1023;1,24290;16;;1023;1,15290;-23
;;;1024;1,24213;16;;1024;1,15227;-24
;;;1025;1,24137;16;;1025;1,15164;-28
;;;1026;1,24060;20;;1026;1,15101;-28
;;;1027;1,23984;22;;1027;1,15038;-27
;;;1028;1,23908;24;;1028;1,14975;-29
;;;1029;1,23832;26;;1029;1,14912;-37
;;;1030;1,23756;24;;1030;1,14849;-36
;;;1031;1,23680;23;;1031;1,14786;-35
;;;1032;1,23604;25;;1032;1,14724;-39
;;;1033;1,23528;27;;1033;1,14661;-37
;;;1034;1,23453;28;;1034;1,14598;-39
;;;1035;1,23377;25;;1035;1,14536;-37
;;;1036;1,23301;23;;1036;1,14473;-43
;;;1037;1,23226;23;;1037;1,14411;-36
;;;1038;1,23151;24;;1038;1,14349;-37
;;;1039;1,23076;23;;1039;1,14287;-36
;;;1040;1,23001;25;;1040;1,14224;-35
;;;1041;1,22926;23;;1041;1,14162;-35
;;;1042;1,22851;23;;1042;1,14100;-35
;;;1043;1,22776;22;;1043;1,14038;-35
;;;1044;1,22701;20;;1044;1,13977;-36
;;;1045;1,22626;23;;1045;1,13915;-33
;;;1046;1,22552;19;;1046;1,13853;-37
;;;1047;1,22477;23;;1047;1,13791;-35
;;;1048;1,22403;19;;1048;1,13730;-31
;;;1049;1,22329;20;;1049;1,13668;-31
;;;1050;1,22255;16;;1050;1,13607;-29
;;;1051;1,22181;15;;1051;1,13545;-32
;;;1052;1,22107;16;;1052;1,13484;-32
;;;1053;1,22033;17;;1053;1,13423;-32
;;;1054;1,21959;16;;1054;1,13361;-36
;;;1055;1,21885;16;;1055;1,13300;-39
;;;1056;1,21811;14;;1056;1,13239;-44
;;;1057;1,21738;14;;1057;1,13178;-47
;;;1058;1,21664;16;;1058;1,13117;-44
;;;1059;1,21591;16;;1059;1,13056;-48
;;;1060;1,21518;17;;1060;1,12996;-47
;;;1061;1,21445;16;;1061;1,12935;-48
;;;1062;1,21371;16;;1062;1,12874;-50
;;;1063;1,21298;16;;1063;1,12813;-50
;;;1064;1,21225;16;;1064;1,12753;-51
;;;1065;1,21153;16;;1065;1,12692;-51
;;;1066;1,21080;16;;1066;1,12632;-52
;;;1067;1,21007;21;;1067;1,12572;-51
;;;1068;1,20935;20;;1068;1,12511;-50
;;;1069;1,20862;20;;1069;1,12451;-47
;;;1070;1,20790;22;;1070;1,12391;-44
;;;1071;1,20717;20;;1071;1,12331;-50
;;;1072;1,20645;21;;1072;1,12271;-48
;;;1073;1,20573;19;;1073;1,12211;-50
;;;1074;1,20501;22;;1074;1,12151;-52
;;;1075;1,20429;24;;1075;1,12091;-54
;;;1076;1,20357;26;;1076;1,12031;-56
;;;1077;1,20285;27;;1077;1,11972;-56
;;;1078;1,20213;30;;1078;1,11912;-59
;;;1079;1,20142;29;;1079;1,11852;-59
;;;1080;1,20070;30;;1080;1,11793;-61
;;;1081;1,19999;27;;1081;1,11733;-56
;;;1082;1,19927;27;;1082;1,11674;-51
;;;1083;1,19856;26;;1083;1,11615;-52
;;;1084;1,19785;26;;1084;1,11555;-51
;;;1085;1,19714;26;;1085;1,11496;-48
;;;1086;1,19643;26;;1086;1,11437;-51
;;;1087;1,19572;27;;1087;1,11378;-47
;;;1088;1,19501;26;;1088;1,11319;-40
;;;1089;1,19430;25;;1089;1,11260;-44
;;;1090;1,19359;24;;1090;1,11201;-39
;;;1091;1,19289;23;;1091;1,11142;-35
;;;1092;1,19218;23;;1092;1,11083;-36
;;;1093;1,19148;25;;1093;1,11025;-29
;;;1094;1,19077;23;;1094;1,10966;-27
;;;1095;1,19007;26;;1095;1,10907;-23
;;;1096;1,18937;26;;1096;1,10849;-17
;;;1097;1,18867;23;;1097;1,10790;-14
;;;1098;1,18797;20;;1098;1,10732;-12
;;;1099;1,18727;17;;1099;1,10674;-6
;;;1100;1,18657;15;;1100;1,10615;-1
;;;1101;1,18587;17;;1101;1,10557;0
;;;1102;1,18517;16;;1102;1,10499;4
;;;1103;1,18448;16;;1103;1,10441;6
;;;1104;1,18378;21;;1104;1,10383;12
;;;1105;1,18309;23;;1105;1,10325;23
;;;1106;1,18239;23;;1106;1,10267;23
;;;1107;1,18170;26;;1107;1,10209;24
;;;1108;1,18101;26;;1108;1,10151;28
;;;1109;1,18032;25;;1109;1,10094;32
;;;1110;1,17963;26;;1110;1,10036;37
;;;1111;1,17894;25;;1111;1,09978;47
;;;1112;1,17825;24;;1112;1,09921;48
;;;1113;1,17756;23;;1113;1,09863;52
;;;1114;1,17687;21;;1114;1,09806;61
;;;1115;1,17618;19;;1115;1,09749;69
;;;1116;1,17550;19;;1116;1,09691;71
;;;1117;1,17481;17;;1117;1,09634;69
;;;1118;1,17413;15;;1118;1,09577;73
;;;1119;1,17345;16;;1119;1,09520;73
;;;1120;1,17276;13;;1120;1,09463;71
;;;1121;1,17208;10;;1121;1,09406;70
;;;1122;1,17140;10;;1122;1,09349;71
;;;1123;1,17072;8;;1123;1,09292;75
;;;1124;1,17004;6;;1124;1,09235;79
;;;1125;1,16936;5;;1125;1,09178;84
;;;1126;1,16868;6;;1126;1,09121;85
;;;1127;1,16801;8;;1127;1,09065;86
;;;1128;1,16733;10;;1128;1,09008;88
;;;1129;1,16665;12;;1129;1,08952;84
;;;1130;1,16598;14;;1130;1,08895;82
;;;1131;1,16531;13;;1131;1,08839;84
;;;1132;1,16463;15;;1132;1,08782;81
;;;1133;1,16396;14;;1133;1,08726;78
;;;1134;1,16329;15;;1134;1,08670;75
;;;1135;1,16262;13;;1135;1,08614;73
;;;1136;1,16195;11;;1136;1,08557;71
;;;1137;1,16128;10;;1137;1,08501;63
;;;1138;1,16061;6;;1138;1,08445;59
;;;1139;1,15994;9;;1139;1,08389;58
;;;1140;1,15928;7;;1140;1,08334;51
;;;1141;1,15861;10;;1141;1,08278;50
;;;1142;1,15794;10;;1142;1,08222;48
;;;1143;1,15728;13;;1143;1,08166;40
;;;1144;1,15661;13;;1144;1,08111;42
;;;1145;1,15595;15;;1145;1,08055;42
;;;1146;1,15529;13;;1146;1,07999;39
;;;1147;1,15463;13;;1147;1,07944;33
;;;1148;1,15397;18;;1148;1,07888;33
;;;1149;1,15331;20;;1149;1,07833;33
;;;1150;1,15265;19;;1150;1,07778;27
;;;1151;1,15199;18;;1151;1,07722;27
;;;1152;1,15133;18;;1152;1,07667;21
;;;1153;1,15067;18;;1153;1,07612;18
;;;1154;1,15002;18;;1154;1,07557;14
;;;1155;1,14936;17;;1155;1,07502;8
;;;1156;1,14871;17;;1156;1,07447;2
;;;1157;1,14805;20;;1157;1,07392;0
;;;1158;1,14740;19;;1158;1,07337;-2
;;;1159;1,14675;17;;1159;1,07282;-6
;;;1160;1,14609;17;;1160;1,07228;-10
;;;1161;1,14544;16;;1161;1,07173;-13
;;;1162;1,14479;16;;1162;1,07118;-13
;;;1163;1,14414;16;;1163;1,07064;-17
;;;1164;1,14349;15;;1164;1,07009;-18
;;;1165;1,14285;16;;1165;1,06955;-21
;;;1166;1,14220;16;;1166;1,06900;-24
;;;1167;1,14155;14;;1167;1,06846;-27
;;;1168;1,14091;18;;1168;1,06791;-27
;;;1169;1,14026;17;;1169;1,06737;-21
;;;1170;1,13962;18;;1170;1,06683;-14
;;;1171;1,13897;16;;1171;1,06629;-12
;;;1172;1,13833;18;;1172;1,06575;-16
;;;1173;1,13769;19;;1173;1,06521;-10
;;;1174;1,13704;17;;1174;1,06467;-13
;;;1175;1,13640;20;;1175;1,06413;-13
;;;1176;1,13576;20;;1176;1,06359;-14
;;;1177;1,13512;19;;1177;1,06305;-16
;;;1178;1,13448;16;;1178;1,06251;-16
;;;1179;1,13385;12;;1179;1,06198;-17
;;;1180;1,13321;13;;1180;1,06144;-21
;;;1181;1,13257;13;;1181;1,06090;-16
;;;1182;1,13194;13;;1182;1,06037;-17
;;;1183;1,13130;15;;1183;1,05983;-16
;;;1184;1,13067;16;;1184;1,05930;-14
;;;1185;1,13003;18;;1185;1,05876;-13
;;;1186;1,12940;16;;1186;1,05823;-12
;;;1187;1,12877;17;;1187;1,05770;-9
;;;1188;1,12814;15;;1188;1,05717;-13
;;;1189;1,12751;12;;1189;1,05663;-10
;;;1190;1,12688;15;;1190;1,05610;-13
;;;1191;1,12625;11;;1191;1,05557;-16
;;;1192;1,12562;15;;1192;1,05504;-16
;;;1193;1,12499;11;;1193;1,05451;-10
;;;1194;1,12436;12;;1194;1,05398;-9
;;;1195;1,12373;9;;1195;1,05345;-8
;;;1196;1,12311;9;;1196;1,05293;-10
;;;1197;1,12248;8;;1197;1,05240;-13
;;;1198;1,12186;8;;1198;1,05187;-13
;;;1199;1,12123;7;;1199;1,05135;-16
;;;1200;1,12061;6;;1200;1,05082;-17
;;;1201;1,11999;9;;1201;1,05029;-18
;;;1202;1,11937;9;;1202;1,04977;-17
;;;1203;1,11875;8;;1203;1,04924;-14
;;;1204;1,11813;7;;1204;1,04872;-12
;;;1205;1,11751;4;;1205;1,04820;-16
;;;1206;1,11689;3;;1206;1,04767;-20
;;;1207;1,11627;3;;1207;1,04715;-23
;;;1208;1,11565;1;;1208;1,04663;-25
;;;1209;1,11503;2;;1209;1,04611;-23
;;;1210;1,11442;0;;1210;1,04559;-21
;;;1211;1,11380;1;;1211;1,04507;-21
;;;1212;1,11319;5;;1212;1,04455;-18
;;;1213;1,11257;6;;1213;1,04403;-16
;;;1214;1,11196;13;;1214;1,04351;-16
;;;1215;1,11134;13;;1215;1,04299;-20
;;;1216;1,11073;14;;1216;1,04248;-23
;;;1217;1,11012;16;;1217;1,04196;-27
;;;1218;1,10951;13;;1218;1,04144;-29
;;;1219;1,10890;13;;1219;1,04093;-33
;;;1220;1,10829;12;;1220;1,04041;-37
;;;1221;1,10768;13;;1221;1,03989;-42
;;;1222;1,10707;13;;1222;1,03938;-42
;;;1223;1,10647;11;;1223;1,03887;-42
;;;1224;1,10586;10;;1224;1,03835;-42
;;;1225;1,10525;10;;1225;1,03784;-40
;;;1226;1,10465;10;;1226;1,03733;-40
;;;1227;1,10404;8;;1227;1,03682;-42
;;;1228;1,10344;9;;1228;1,03630;-43
;;;1229;1,10283;6;;1229;1,03579;-46
;;;1230;1,10223;5;;1230;1,03528;-51
;;;1231;1,10163;5;;1231;1,03477;-51
;;;1232;1,10103;5;;1232;1,03426;-51
;;;1233;1,10043;7;;1233;1,03375;-52
;;;1234;1,09983;5;;1234;1,03325;-58
;;;1235;1,09923;3;;1235;1,03274;-63
;;;1236;1,09863;6;;1236;1,03223;-69
;;;1237;1,09803;3;;1237;1,03172;-74
;;;1238;1,09743;4;;1238;1,03122;-73
;;;1239;1,09683;6;;1239;1,03071;-75
;;;1240;1,09624;5;;1240;1,03020;-75
;;;1241;1,09564;6;;1241;1,02970;-69
;;;1242;1,09505;7;;1242;1,02920;-67
;;;1243;1,09445;6;;1243;1,02869;-69
;;;1244;1,09386;2;;1244;1,02819;-71
;;;1245;1,09326;2;;1245;1,02768;-71
;;;1246;1,09267;2;;1246;1,02718;-73
;;;1247;1,09208;3;;1247;1,02668;-70
;;;1248;1,09149;4;;1248;1,02618;-69
;;;1249;1,09090;6;;1249;1,02568;-63
;;;1250;1,09031;6;;1250;1,02518;-69
;;;1251;1,08972;4;;1251;1,02468;-66
;;;1252;1,08913;8;;1252;1,02418;-70
;;;1253;1,08854;8;;1253;1,02368;-73
;;;1254;1,08795;6;;1254;1,02318;-77
;;;1255;1,08737;5;;1255;1,02268;-82
;;;1256;1,08678;6;;1256;1,02218;-84
;;;1257;1,08620;3;;1257;1,02169;-89
;;;1258;1,08561;1;;1258;1,02119;-89
;;;1259;1,08503;2;;1259;1,02069;-93
;;;1260;1,08444;3;;1260;1,02020;-93
;;;1261;1,08386;4;;1261;1,01970;-88
;;;1262;1,08328;3;;1262;1,01921;-81
;;;1263;1,08270;0;;1263;1,01871;-79
;;;1264;1,08211;4;;1264;1,01822;-79
;;;1265;1,08153;6;;1265;1,01773;-81
;;;1266;1,08095;6;;1266;1,01723;-77
;;;1267;1,08037;10;;1267;1,01674;-77
;;;1268;1,07980;9;;1268;1,01625;-81
;;;1269;1,07922;6;;1269;1,01576;-79
;;;1270;1,07864;6;;1270;1,01527;-77
;;;1271;1,07806;3;;1271;1,01478;-81
;;;1272;1,07749;3;;1272;1,01429;-82
;;;1273;1,07691;5;;1273;1,01380;-84
;;;1274;1,07634;3;;1274;1,01331;-81
;;;1275;1,07576;1;;1275;1,01282;-79
;;;1276;1,07519;0;;1276;1,01233;-75
;;;1277;1,07462;0;;1277;1,01184;-77
;;;1278;1,07404;2;;1278;1,01136;-74
;;;1279;1,07347;1;;1279;1,01087;-71
;;;1280;1,07290;3;;1280;1,01038;-69
;;;1281;1,07233;4;;1281;1,00990;-65
;;;1282;1,07176;3;;1282;1,00941;-63
;;;1283;1,07119;3;;1283;1,00893;-58
;;;1284;1,07062;4;;1284;1,00844;-61
;;;1285;1,07005;8;;1285;1,00796;-63
;;;1286;1,06949;5;;1286;1,00748;-67
;;;1287;1,06892;4;;1287;1,00699;-67
;;;1288;1,06835;4;;1288;1,00651;-70
;;;1289;1,06779;2;;1289;1,00603;-66
;;;1290;1,06722;3;;1290;1,00555;-69
;;;1291;1,06666;3;;1291;1,00507;-67
;;;1292;1,06609;0;;1292;1,00459;-73
;;;1293;1,06553;0;;1293;1,00410;-73
;;;1294;1,06497;0;;1294;1,00363;-74
;;;1295;1,06440;0;;1295;1,00315;-73
;;;1296;1,06384;0;;1296;1,00267;-70
;;;1297;1,06328;2;;1297;1,00219;-62
;;;1298;1,06272;1;;1298;1,00171;-59
;;;1299;1,06216;1;;1299;1,00123;-56
;;;1300;1,06160;3;;1300;1,00076;-58
;;;1301;1,06104;4;;1301;1,00028;-58
;;;1302;1,06048;6;;1302;0,99980;-55
;;;1303;1,05993;6;;1303;0,99933;-59
;;;1304;1,05937;6;;1304;0,99885;-63
;;;1305;1,05881;1;;1305;0,99838;-63
;;;1306;1,05826;0;;1306;0,99790;-62
;;;1307;1,05770;0;;1307;0,99743;-63
;;;1308;1,05715;0;;1308;0,99696;-62
;;;1309;1,05659;0;;1309;0,99648;-58
;;;1310;1,05604;0;;1310;0,99601;-58
;;;1311;1,05549;1;;1311;0,99554;-58
;;;1312;1,05493;0;;1312;0,99507;-58
;;;1313;1,05438;0;;1313;0,99460;-56
;;;1314;1,05383;1;;1314;0,99413;-59
;;;1315;1,05328;0;;1315;0,99366;-59
;;;1316;1,05273;0;;1316;0,99319;-58
;;;1317;1,05218;0;;1317;0,99272;-56
;;;1318;1,05163;0;;1318;0,99225;-63
;;;1319;1,05108;-3;;1319;0,99178;-66
;;;1320;1,05054;0;;1320;0,99131;-69
;;;1321;1,04999;0;;1321;0,99084;-71
;;;1322;1,04944;0;;1322;0,99038;-70
;;;1323;1,04890;3;;1323;0,98991;-73
;;;1324;1,04835;3;;1324;0,98944;-73
;;;1325;1,04781;3;;1325;0,98898;-77
;;;1326;1,04726;1;;1326;0,98851;-77
;;;1327;1,04672;0;;1327;0,98805;-74
;;;1328;1,04618;1;;1328;0,98758;-71
;;;1329;1,04563;0;;1329;0,98712;-71
;;;1330;1,04509;0;;1330;0,98665;-69
;;;1331;1,04455;0;;1331;0,98619;-70
;;;1332;1,04401;-1;;1332;0,98573;-66
;;;1333;1,04347;-2;;1333;0,98527;-66
;;;1334;1,04293;-1;;1334;0,98480;-71
;;;1335;1,04239;-1;;1335;0,98434;-70
;;;1336;1,04185;0;;1336;0,98388;-71
;;;1337;1,04131;0;;1337;0,98342;-71
;;;1338;1,04077;1;;1338;0,98296;-71
;;;1339;1,04024;1;;1339;0,98250;-73
;;;1340;1,03970;0;;1340;0,98204;-70
;;;1341;1,03916;4;;1341;0,98158;-73
;;;1342;1,03863;3;;1342;0,98112;-75
;;;1343;1,03809;6;;1343;0,98067;-74
;;;1344;1,03756;8;;1344;0,98021;-77
;;;1345;1,03703;9;;1345;0,97975;-70
;;;1346;1,03649;6;;1346;0,97929;-70
;;;1347;1,03596;3;;1347;0,97884;-73
;;;1348;1,03543;2;;1348;0,97838;-79
;;;1349;1,03490;3;;1349;0,97793;-75
;;;1350;1,03437;3;;1350;0,97747;-78
;;;1351;1,03384;1;;1351;0,97702;-79
;;;1352;1,03331;1;;1352;0,97656;-82
;;;1353;1,03278;0;;1353;0,97611;-86
;;;1354;1,03225;0;;1354;0,97566;-92
;;;1355;1,03172;2;;1355;0,97520;-90
;;;1356;1,03119;3;;1356;0,97475;-92
;;;1357;1,03066;3;;1357;0,97430;-90
;;;1358;1,03014;3;;1358;0,97385;-96
;;;1359;1,02961;4;;1359;0,97340;-89
;;;1360;1,02909;4;;1360;0,97294;-89
;;;1361;1,02856;3;;1361;0,97249;-90
;;;1362;1,02804;3;;1362;0,97204;-93
;;;1363;1,02751;0;;1363;0,97159;-89
;;;1364;1,02699;1;;1364;0,97115;-84
;;;1365;1,02647;0;;1365;0,97070;-75
;;;1366;1,02594;0;;1366;0,97025;-75
;;;1367;1,02542;0;;1367;0,96980;-78
;;;1368;1,02490;0;;1368;0,96935;-77
;;;1369;1,02438;-3;;1369;0,96891;-78
;;;1370;1,02386;-1;;1370;0,96846;-79
;;;1371;1,02334;-1;;1371;0,96801;-77
;;;1372;1,02282;0;;1372;0,96757;-82
;;;1373;1,02230;-2;;1373;0,96712;-85
;;;1374;1,02178;-2;;1374;0,96668;-86
;;;1375;1,02127;-3;;1375;0,96623;-90
;;;1376;1,02075;-2;;1376;0,96579;-92
;;;1377;1,02023;0;;1377;0,96534;-90
;;;1378;1,01972;0;;1378;0,96490;-88
;;;1379;1,01920;1;;1379;0,96446;-78
;;;1380;1,01869;3;;1380;0,96401;-75
;;;1381;1,01817;5;;1381;0,96357;-81
;;;1382;1,01766;6;;1382;0,96313;-81
;;;1383;1,01714;5;;1383;0,96269;-81
;;;1384;1,01663;4;;1384;0,96225;-79
;;;1385;1,01612;2;;1385;0,96181;-77
;;;1386;1,01561;0;;1386;0,96137;-74
;;;1387;1,01510;2;;1387;0,96093;-71
;;;1388;1,01458;0;;1388;0,96049;-71
;;;1389;1,01407;0;;1389;0,96005;-73
;;;1390;1,01356;0;;1390;0,95961;-70
;;;1391;1,01306;1;;1391;0,95917;-71
;;;1392;1,01255;3;;1392;0,95873;-81
;;;1393;1,01204;5;;1393;0,95830;-79
;;;1394;1,01153;3;;1394;0,95786;-78
;;;1395;1,01102;6;;1395;0,95742;-79
;;;1396;1,01052;7;;1396;0,95699;-79
;;;1397;1,01001;4;;1397;0,95655;-84
;;;1398;1,00950;4;;1398;0,95612;-85
;;;1399;1,00900;1;;1399;0,95568;-88
;;;1400;1,00849;2;;1400;0,95525;-85
;;;1401;1,00799;0;;1401;0,95481;-89
;;;1402;1,00749;0;;1402;0,95438;-89
;;;1403;1,00698;0;;1403;0,95395;-86
;;;1404;1,00648;0;;1404;0,95351;-81
;;;1405;1,00598;-1;;1405;0,95308;-81
;;;1406;1,00548;-3;;1406;0,95265;-82
;;;1407;1,00497;-3;;1407;0,95222;-79
;;;1408;1,00447;-3;;1408;0,95178;-84
;;;1409;1,00397;-3;;1409;0,95135;-82
;;;1410;1,00347;-3;;1410;0,95092;-82
;;;1411;1,00297;-4;;1411;0,95049;-85
;;;1412;1,00248;-5;;1412;0,95006;-85
;;;1413;1,00198;-2;;1413;0,94963;-86
;;;1414;1,00148;-3;;1414;0,94920;-89
;;;1415;1,00098;-1;;1415;0,94877;-93
;;;1416;1,00049;-1;;1416;0,94835;-96
;;;1417;0,99999;0;;1417;0,94792;-97
;;;1418;0,99949;-1;;1418;0,94749;-90
;;;1419;0,99900;0;;1419;0,94706;-92
;;;1420;0,99850;0;;1420;0,94664;-90
;;;1421;0,99801;0;;1421;0,94621;-94
;;;1422;0,99752;2;;1422;0,94578;-96
;;;1423;0,99702;0;;1423;0,94536;-93
;;;1424;0,99653;1;;1424;0,94493;-97
;;;1425;0,99604;-2;;1425;0,94451;-93
;;;1426;0,99555;0;;1426;0,94408;-96
;;;1427;0,99505;2;;1427;0,94366;-97
;;;1428;0,99456;1;;1428;0,94324;-101
;;;1429;0,99407;0;;1429;0,94281;-97
;;;1430;0,99358;-1;;1430;0,94239;-96
;;;1431;0,99309;0;;1431;0,94197;-93
;;;1432;0,99260;0;;1432;0,94155;-92
;;;1433;0,99212;0;;1433;0,94112;-93
;;;1434;0,99163;0;;1434;0,94070;-92
;;;1435;0,99114;0;;1435;0,94028;-92
;;;1436;0,99065;0;;1436;0,93986;-90
;;;1437;0,99017;1;;1437;0,93944;-90
;;;1438;0,98968;2;;1438;0,93902;-82
;;;1439;0,98920;2;;1439;0,93860;-86
;;;1440;0,98871;3;;1440;0,93818;-82
;;;1441;0,98823;2;;1441;0,93776;-79
;;;1442;0,98774;6;;1442;0,93734;-79
;;;1443;0,98726;6;;1443;0,93693;-75
;;;1444;0,98677;6;;1444;0,93651;-82
;;;1445;0,98629;6;;1445;0,93609;-89
;;;1446;0,98581;7;;1446;0,93567;-97
;;;1447;0,98533;7;;1447;0,93526;-103
;;;1448;0,98485;6;;1448;0,93484;-107
;;;1449;0,98436;6;;1449;0,93442;-104
;;;1450;0,98388;6;;1450;0,93401;-98
;;;1451;0,98340;7;;1451;0,93359;-97
;;;1452;0,98293;7;;1452;0,93318;-93
;;;1453;0,98245;4;;1453;0,93277;-88
;;;1454;0,98197;3;;1454;0,93235;-88
;;;1455;0,98149;1;;1455;0,93194;-86
;;;1456;0,98101;0;;1456;0,93152;-90
;;;1457;0,98053;0;;1457;0,93111;-93
;;;1458;0,98006;0;;1458;0,93070;-94
;;;1459;0,97958;-1;;1459;0,93029;-97
;;;1460;0,97911;-1;;1460;0,92987;-98
;;;1461;0,97863;-1;;1461;0,92946;-97
;;;1462;0,97816;-2;;1462;0,92905;-100
;;;1463;0,97768;-2;;1463;0,92864;-93
;;;1464;0,97721;0;;1464;0,92823;-92
;;;1465;0,97673;0;;1465;0,92782;-89
;;;1466;0,97626;0;;1466;0,92741;-84
;;;1467;0,97579;1;;1467;0,92700;-78
;;;1468;0,97532;2;;1468;0,92659;-74
;;;1469;0,97485;2;;1469;0,92618;-78
;;;1470;0,97437;0;;1470;0,92578;-75
;;;1471;0,97390;1;;1471;0,92537;-79
;;;1472;0,97343;1;;1472;0,92496;-84
;;;1473;0,97296;2;;1473;0,92455;-89
;;;1474;0,97249;0;;1474;0,92415;-100
;;;1475;0,97202;0;;1475;0,92374;-104
;;;1476;0,97156;0;;1476;0,92334;-104
;;;1477;0,97109;-2;;1477;0,92293;-101
;;;1478;0,97062;-3;;1478;0,92252;-104
;;;1479;0,97015;-4;;1479;0,92212;-96
;;;1480;0,96969;-3;;1480;0,92171;-92
;;;1481;0,96922;-1;;1481;0,92131;-90
;;;1482;0,96876;-2;;1482;0,92091;-92
;;;1483;0,96829;0;;1483;0,92050;-93
;;;1484;0,96782;1;;1484;0,92010;-92
;;;1485;0,96736;3;;1485;0,91970;-85
;;;1486;0,96690;0;;1486;0,91929;-84
;;;1487;0,96643;1;;1487;0,91889;-84
;;;1488;0,96597;0;;1488;0,91849;-82
;;;1489;0,96551;1;;1489;0,91809;-84
;;;1490;0,96505;1;;1490;0,91769;-85
;;;1491;0,96458;2;;1491;0,91729;-78
;;;1492;0,96412;1;;1492;0,91689;-77
;;;1493;0,96366;0;;1493;0,91649;-71
;;;1494;0,96320;2;;1494;0,91609;-70
;;;1495;0,96274;5;;1495;0,91569;-67
;;;1496;0,96228;4;;1496;0,91529;-67
;;;1497;0,96182;2;;1497;0,91489;-65
;;;1498;0,96136;3;;1498;0,91449;-63
;;;1499;0,96091;4;;1499;0,91409;-65
;;;1500;0,96045;5;;1500;0,91370;-62
;;;1501;0,95999;6;;1501;0,91330;-54
;;;1502;0,95953;7;;1502;0,91290;-47
;;;1503;0,95908;8;;1503;0,91251;-48
;;;1504;0,95862;7;;1504;0,91211;-46
;;;1505;0,95817;6;;1505;0,91171;-50
;;;1506;0,95771;1;;1506;0,91132;-58
;;;1507;0,95726;0;;1507;0,91092;-62
;;;1508;0,95680;-1;;1508;0,91053;-69
;;;1509;0,95635;-2;;1509;0,91013;-69
;;;1510;0,95589;-3;;1510;0,90974;-75
;;;1511;0,95544;0;;1511;0,90935;-82
;;;1512;0,95499;-2;;1512;0,90895;-85
;;;1513;0,95454;0;;1513;0,90856;-81
;;;1514;0,95408;-1;;1514;0,90817;-81
;;;1515;0,95363;0;;1515;0,90777;-74
;;;1516;0,95318;0;;1516;0,90738;-75
;;;1517;0,95273;0;;1517;0,90699;-77
;;;1518;0,95228;3;;1518;0,90660;-75
;;;1519;0,95183;3;;1519;0,90621;-78
;;;1520;0,95138;3;;1520;0,90582;-74
;;;1521;0,95093;5;;1521;0,90543;-75
;;;1522;0,95049;3;;1522;0,90504;-70
;;;1523;0,95004;3;;1523;0,90465;-71
;;;1524;0,94959;3;;1524;0,90426;-73
;;;1525;0,94914;3;;1525;0,90387;-66
;;;1526;0,94870;3;;1526;0,90348;-70
;;;1527;0,94825;0;;1527;0,90309;-66
;;;1528;0,94780;0;;1528;0,90270;-70
;;;1529;0,94736;0;;1529;0,90231;-70
;;;1530;0,94691;0;;1530;0,90193;-73
;;;1531;0,94647;-1;;1531;0,90154;-71
;;;1532;0,94603;0;;1532;0,90115;-75
;;;1533;0,94558;0;;1533;0,90077;-86
;;;1534;0,94514;0;;1534;0,90038;-89
;;;1535;0,94470;0;;1535;0,89999;-89
;;;1536;0,94425;1;;1536;0,89961;-93
;;;1537;0,94381;1;;1537;0,89922;-93
;;;1538;0,94337;1;;1538;0,89884;-92
;;;1539;0,94293;0;;1539;0,89845;-90
;;;1540;0,94249;3;;1540;0,89807;-84
;;;1541;0,94205;3;;1541;0,89769;-78
;;;1542;0,94161;4;;1542;0,89730;-71
;;;1543;0,94117;3;;1543;0,89692;-71
;;;1544;0,94073;3;;1544;0,89654;-75
;;;1545;0,94029;3;;1545;0,89615;-84
;;;1546;0,93985;3;;1546;0,89577;-79
;;;1547;0,93941;1;;1547;0,89539;-77
;;;1548;0,93898;3;;1548;0,89501;-77
;;;1549;0,93854;3;;1549;0,89463;-78
;;;1550;0,93810;4;;1550;0,89425;-77
;;;1551;0,93766;3;;1551;0,89387;-81
;;;1552;0,93723;0;;1552;0,89349;-78
;;;1553;0,93679;0;;1553;0,89311;-84
;;;1554;0,93636;0;;1554;0,89273;-86
;;;1555;0,93592;0;;1555;0,89235;-89
;;;1556;0,93549;0;;1556;0,89197;-92
;;;1557;0,93506;0;;1557;0,89159;-92
;;;1558;0,93462;2;;1558;0,89121;-93
;;;1559;0,93419;4;;1559;0,89083;-92
;;;1560;0,93376;4;;1560;0,89046;-94
;;;1561;0,93332;6;;1561;0,89008;-98
;;;1562;0,93289;6;;1562;0,88970;-105
;;;1563;0,93246;3;;1563;0,88933;-108
;;;1564;0,93203;0;;1564;0,88895;-107
;;;1565;0,93160;0;;1565;0,88857;-105
;;;1566;0,93117;1;;1566;0,88820;-101
;;;1567;0,93074;1;;1567;0,88782;-98
;;;1568;0,93031;0;;1568;0,88745;-96
;;;1569;0,92988;-2;;1569;0,88707;-92
;;;1570;0,92945;0;;1570;0,88670;-92
;;;1571;0,92902;0;;1571;0,88632;-96
;;;1572;0,92859;-2;;1572;0,88595;-89
;;;1573;0,92817;-1;;1573;0,88558;-90
;;;1574;0,92774;0;;1574;0,88520;-88
;;;1575;0,92731;1;;1575;0,88483;-84
;;;1576;0,92689;3;;1576;0,88446;-84
;;;1577;0,92646;3;;1577;0,88409;-88
;;;1578;0,92604;6;;1578;0,88371;-92
;;;1579;0,92561;10;;1579;0,88334;-92
;;;1580;0,92519;7;;1580;0,88297;-93
;;;1581;0,92476;7;;1581;0,88260;-90
;;;1582;0,92434;7;;1582;0,88223;-86
;;;1583;0,92391;9;;1583;0,88186;-85
;;;1584;0,92349;6;;1584;0,88149;-82
;;;1585;0,92307;2;;1585;0,88112;-79
;;;1586;0,92265;2;;1586;0,88075;-82
;;;1587;0,92222;1;;1587;0,88038;-82
;;;1588;0,92180;2;;1588;0,88001;-77
;;;1589;0,92138;2;;1589;0,87964;-82
;;;1590;0,92096;2;;1590;0,87927;-84
;;;1591;0,92054;0;;1591;0,87891;-90
;;;1592;0,92012;-2;;1592;0,87854;-92
;;;1593;0,91970;-3;;1593;0,87817;-89
;;;1594;0,91928;-6;;1594;0,87780;-90
;;;1595;0,91886;-5;;1595;0,87744;-93
;;;1596;0,91844;-7;;1596;0,87707;-97
;;;1597;0,91802;-5;;1597;0,87671;-101
;;;1598;0,91761;-3;;1598;0,87634;-100
;;;1599;0,91719;-6;;1599;0,87597;-98
;;;1600;0,91677;-8;;1600;0,87561;-100
;;;1601;0,91635;-6;;1601;0,87524;-101
;;;1602;0,91594;-1;;1602;0,87488;-96
;;;1603;0,91552;0;;1603;0,87452;-92
;;;1604;0,91511;2;;1604;0,87415;-89
;;;1605;0,91469;4;;1605;0,87379;-86
;;;1606;0,91428;4;;1606;0,87343;-85
;;;1607;0,91386;4;;1607;0,87306;-82
;;;1608;0,91345;5;;1608;0,87270;-81
;;;1609;0,91303;3;;1609;0,87234;-81
;;;1610;0,91262;3;;1610;0,87197;-84
;;;1611;0,91221;1;;1611;0,87161;-81
;;;1612;0,91180;0;;1612;0,87125;-82
;;;1613;0,91138;0;;1613;0,87089;-82
;;;1614;0,91097;0;;1614;0,87053;-85
;;;1615;0,91056;0;;1615;0,87017;-89
;;;1616;0,91015;1;;1616;0,86981;-86
;;;1617;0,90974;0;;1617;0,86945;-89
;;;1618;0,90933;0;;1618;0,86909;-89
;;;1619;0,90892;0;;1619;0,86873;-88
;;;1620;0,90851;0;;1620;0,86837;-81
;;;1621;0,90810;0;;1621;0,86801;-75
;;;1622;0,90769;0;;1622;0,86765;-75
;;;1623;0,90728;1;;1623;0,86729;-74
;;;1624;0,90687;-2;;1624;0,86694;-74
;;;1625;0,90647;0;;1625;0,86658;-77
;;;1626;0,90606;-3;;1626;0,86622;-81
;;;1627;0,90565;-5;;1627;0,86586;-82
;;;1628;0,90524;-3;;1628;0,86551;-79
;;;1629;0,90484;-4;;1629;0,86515;-84
;;;1630;0,90443;-2;;1630;0,86480;-85
;;;1631;0,90403;-2;;1631;0,86444;-85
;;;1632;0,90362;0;;1632;0,86408;-88
;;;1633;0,90322;0;;1633;0,86373;-93
;;;1634;0,90281;0;;1634;0,86337;-94
;;;1635;0,90241;0;;1635;0,86302;-90
;;;1636;0,90200;0;;1636;0,86266;-84
;;;1637;0,90160;0;;1637;0,86231;-84
;;;1638;0,90120;0;;1638;0,86196;-81
;;;1639;0,90080;0;;1639;0,86160;-85
;;;1640;0,90039;1;;1640;0,86125;-81
;;;1641;0,89999;2;;1641;0,86090;-82
;;;1642;0,89959;1;;1642;0,86054;-85
;;;1643;0,89919;0;;1643;0,86019;-81
;;;1644;0,89879;3;;1644;0,85984;-84
;;;1645;0,89839;1;;1645;0,85949;-82
;;;1646;0,89799;0;;1646;0,85914;-81
;;;1647;0,89759;0;;1647;0,85878;-81
;;;1648;0,89719;1;;1648;0,85843;-82
;;;1649;0,89679;3;;1649;0,85808;-86
;;;1650;0,89639;3;;1650;0,85773;-94
;;;1651;0,89599;3;;1651;0,85738;-94
;;;1652;0,89559;0;;1652;0,85703;-97
;;;1653;0,89520;0;;1653;0,85668;-97
;;;1654;0,89480;0;;1654;0,85633;-94
;;;1655;0,89440;0;;1655;0,85599;-93
;;;1656;0,89400;0;;1656;0,85564;-94
;;;1657;0,89361;0;;1657;0,85529;-94
;;;1658;0,89321;2;;1658;0,85494;-92
;;;1659;0,89282;4;;1659;0,85459;-89
;;;1660;0,89242;4;;1660;0,85424;-82
;;;1661;0,89203;5;;1661;0,85390;-78
;;;1662;0,89163;5;;1662;0,85355;-74
;;;1663;0,89124;2;;1663;0,85320;-66
;;;1664;0,89084;1;;1664;0,85286;-52
;;;1665;0,89045;0;;1665;0,85251;-47
;;;1666;0,89006;0;;1666;0,85217;-47
;;;1667;0,88966;-1;;1667;0,85182;-55
;;;1668;0,88927;-3;;1668;0,85147;-59
;;;1669;0,88888;-3;;1669;0,85113;-70
;;;1670;0,88849;-4;;1670;0,85078;-74
;;;1671;0,88810;-3;;1671;0,85044;-74
;;;1672;0,88771;0;;1672;0,85010;-79
;;;1673;0,88731;-2;;1673;0,84975;-77
;;;1674;0,88692;0;;1674;0,84941;-77
;;;1675;0,88653;0;;1675;0,84907;-81
;;;1676;0,88614;0;;1676;0,84872;-82
;;;1677;0,88576;3;;1677;0,84838;-88
;;;1678;0,88537;5;;1678;0,84804;-88
;;;1679;0,88498;3;;1679;0,84769;-86
;;;1680;0,88459;4;;1680;0,84735;-86
;;;1681;0,88420;4;;1681;0,84701;-86
;;;1682;0,88381;4;;1682;0,84667;-81
;;;1683;0,88343;3;;1683;0,84633;-81
;;;1684;0,88304;3;;1684;0,84599;-82
;;;1685;0,88265;2;;1685;0,84565;-78
;;;1686;0,88227;0;;1686;0,84531;-79
;;;1687;0,88188;0;;1687;0,84497;-81
;;;1688;0,88150;0;;1688;0,84463;-88
;;;1689;0,88111;0;;1689;0,84429;-90
;;;1690;0,88072;0;;1690;0,84395;-89
;;;1691;0,88034;2;;1691;0,84361;-88
;;;1692;0,87996;2;;1692;0,84327;-86
;;;1693;0,87957;3;;1693;0,84293;-81
;;;1694;0,87919;3;;1694;0,84259;-81
;;;1695;0,87881;3;;1695;0,84226;-79
;;;1696;0,87842;3;;1696;0,84192;-82
;;;1697;0,87804;2;;1697;0,84158;-82
;;;1698;0,87766;3;;1698;0,84124;-84
;;;1699;0,87728;0;;1699;0,84091;-90
;;;1700;0,87689;0;;1700;0,84057;-92
;;;1701;0,87651;0;;1701;0,84023;-89
;;;1702;0,87613;-1;;1702;0,83990;-89
;;;1703;0,87575;-2;;1703;0,83956;-96
;;;1704;0,87537;0;;1704;0,83923;-97
;;;1705;0,87499;-1;;1705;0,83889;-96
;;;1706;0,87461;0;;1706;0,83856;-90
;;;1707;0,87423;-1;;1707;0,83822;-92
;;;1708;0,87385;-2;;1708;0,83789;-94
;;;1709;0,87347;-2;;1709;0,83755;-100
;;;1710;0,87310;-3;;1710;0,83722;-100
;;;1711;0,87272;0;;1711;0,83689;-98
;;;1712;0,87234;0;;1712;0,83655;-98
;;;1713;0,87196;0;;1713;0,83622;-103
;;;1714;0,87159;0;;1714;0,83589;-101
;;;1715;0,87121;0;;1715;0,83556;-98
;;;1716;0,87083;0;;1716;0,83522;-96
;;;1717;0,87046;-1;;1717;0,83489;-92
;;;1718;0,87008;-1;;1718;0,83456;-96
;;;1719;0,86971;0;;1719;0,83423;-86
;;;1720;0,86933;0;;1720;0,83390;-92
;;;1721;0,86896;0;;1721;0,83357;-90
;;;1722;0,86858;0;;1722;0,83324;-86
;;;1723;0,86821;-1;;1723;0,83291;-85
;;;1724;0,86783;0;;1724;0,83258;-82
;;;1725;0,86746;0;;1725;0,83225;-84
;;;1726;0,86709;1;;1726;0,83192;-81
;;;1727;0,86672;1;;1727;0,83159;-82
;;;1728;0,86634;3;;1728;0,83126;-82
;;;1729;0,86597;5;;1729;0,83093;-82
;;;1730;0,86560;6;;1730;0,83060;-85
;;;1731;0,86523;5;;1731;0,83027;-88
;;;1732;0,86486;3;;1732;0,82994;-89
;;;1733;0,86449;5;;1733;0,82962;-88
;;;1734;0,86411;3;;1734;0,82929;-92
;;;1735;0,86374;3;;1735;0,82896;-90
;;;1736;0,86337;3;;1736;0,82863;-88
;;;1737;0,86300;3;;1737;0,82831;-92
;;;1738;0,86264;6;;1738;0,82798;-89
;;;1739;0,86227;7;;1739;0,82765;-93
;;;1740;0,86190;3;;1740;0,82733;-94
;;;1741;0,86153;3;;1741;0,82700;-96
;;;1742;0,86116;4;;1742;0,82668;-94
;;;1743;0,86079;3;;1743;0,82635;-96
;;;1744;0,86043;3;;1744;0,82603;-96
;;;1745;0,86006;2;;1745;0,82570;-97
;;;1746;0,85969;0;;1746;0,82538;-94
;;;1747;0,85933;0;;1747;0,82505;-92
;;;1748;0,85896;0;;1748;0,82473;-93
;;;1749;0,85859;0;;1749;0,82441;-94
;;;1750;0,85823;0;;1750;0,82408;-93
;;;1751;0,85786;2;;1751;0,82376;-90
;;;1752;0,85750;1;;1752;0,82344;-98
;;;1753;0,85713;0;;1753;0,82311;-100
;;;1754;0,85677;0;;1754;0,82279;-98
;;;1755;0,85641;0;;1755;0,82247;-98
;;;1756;0,85604;2;;1756;0,82215;-100
;;;1757;0,85568;2;;1757;0,82183;-100
;;;1758;0,85532;0;;1758;0,82150;-103
;;;1759;0,85495;0;;1759;0,82118;-103
;;;1760;0,85459;0;;1760;0,82086;-107
;;;1761;0,85423;0;;1761;0,82054;-98
;;;1762;0,85387;-1;;1762;0,82022;-96
;;;1763;0,85351;0;;1763;0,81990;-100
;;;1764;0,85314;-1;;1764;0,81958;-100
;;;1765;0,85278;0;;1765;0,81926;-97
;;;1766;0,85242;0;;1766;0,81894;-89
;;;1767;0,85206;0;;1767;0,81862;-86
;;;1768;0,85170;2;;1768;0,81830;-92
;;;1769;0,85134;2;;1769;0,81799;-93
;;;1770;0,85098;6;;1770;0,81767;-97
;;;1771;0,85062;4;;1771;0,81735;-97
;;;1772;0,85027;4;;1772;0,81703;-98
;;;1773;0,84991;5;;1773;0,81671;-96
;;;1774;0,84955;6;;1774;0,81640;-100
;;;1775;0,84919;3;;1775;0,81608;-96
;;;1776;0,84883;4;;1776;0,81576;-97
;;;1777;0,84848;5;;1777;0,81545;-103
;;;1778;0,84812;6;;1778;0,81513;-93
;;;1779;0,84776;5;;1779;0,81481;-96
;;;1780;0,84741;3;;1780;0,81450;-100
;;;1781;0,84705;0;;1781;0,81418;-101
;;;1782;0,84669;0;;1782;0,81387;-107
;;;1783;0,84634;0;;1783;0,81355;-98
;;;1784;0,84598;0;;1784;0,81324;-103
;;;1785;0,84563;-2;;1785;0,81292;-105
;;;1786;0,84527;-2;;1786;0,81261;-100
;;;1787;0,84492;-3;;1787;0,81229;-101
;;;1788;0,84457;-5;;1788;0,81198;-103
;;;1789;0,84421;-1;;1789;0,81166;-103
;;;1790;0,84386;-3;;1790;0,81135;-103
;;;1791;0,84351;-3;;1791;0,81104;-103
;;;1792;0,84315;-2;;1792;0,81072;-104
;;;1793;0,84280;-3;;1793;0,81041;-107
;;;1794;0,84245;-2;;1794;0,81010;-104
;;;1795;0,84210;-1;;1795;0,80979;-101
;;;1796;0,84175;-1;;1796;0,80947;-98
;;;1797;0,84139;0;;1797;0,80916;-103
;;;1798;0,84104;0;;1798;0,80885;-103
;;;1799;0,84069;0;;1799;0,80854;-97
;;;1800;0,84034;0;;1800;0,80823;-100
;;;1801;0,83999;-1;;1801;0,80792;-97
;;;1802;0,83964;-3;;1802;0,80761;-103
;;;1803;0,83929;-3;;1803;0,80730;-103
;;;1804;0,83894;0;;1804;0,80699;-104
;;;1805;0,83859;-3;;1805;0,80668;-98
;;;1806;0,83825;-3;;1806;0,80637;-92
;;;1807;0,83790;-2;;1807;0,80606;-90
;;;1808;0,83755;-2;;1808;0,80575;-89
;;;1809;0,83720;-1;;1809;0,80544;-86
;;;1810;0,83685;-3;;1810;0,80513;-90
;;;1811;0,83651;-2;;1811;0,80482;-96
;;;1812;0,83616;-1;;1812;0,80451;-96
;;;1813;0,83581;0;;1813;0,80421;-89
;;;1814;0,83547;-1;;1814;0,80390;-88
;;;1815;0,83512;0;;1815;0,80359;-92
;;;1816;0,83477;-1;;1816;0,80328;-93
;;;1817;0,83443;-3;;1817;0,80298;-93
;;;1818;0,83408;-5;;1818;0,80267;-93
;;;1819;0,83374;-3;;1819;0,80236;-93
;;;1820;0,83339;-4;;1820;0,80206;-93
;;;1821;0,83305;-3;;1821;0,80175;-93
;;;1822;0,83271;-1;;1822;0,80144;-94
;;;1823;0,83236;-1;;1823;0,80114;-90
;;;1824;0,83202;0;;1824;0,80083;-93
;;;1825;0,83167;0;;1825;0,80053;-88
;;;1826;0,83133;0;;1826;0,80022;-90
;;;1827;0,83099;2;;1827;0,79992;-88
;;;1828;0,83065;3;;1828;0,79961;-89
;;;1829;0,83030;3;;1829;0,79931;-86
;;;1830;0,82996;1;;1830;0,79901;-86
;;;1831;0,82962;2;;1831;0,79870;-90
;;;1832;0,82928;1;;1832;0,79840;-90
;;;1833;0,82894;3;;1833;0,79810;-94
;;;1834;0,82860;2;;1834;0,79779;-98
;;;1835;0,82826;0;;1835;0,79749;-100
;;;1836;0,82792;0;;1836;0,79719;-101
;;;1837;0,82758;2;;1837;0,79688;-101
;;;1838;0,82724;3;;1838;0,79658;-98
;;;1839;0,82690;4;;1839;0,79628;-100
;;;1840;0,82656;4;;1840;0,79598;-98
;;;1841;0,82622;4;;1841;0,79568;-96
;;;1842;0,82588;6;;1842;0,79538;-93
;;;1843;0,82554;6;;1843;0,79507;-93
;;;1844;0,82521;2;;1844;0,79477;-89
;;;1845;0,82487;3;;1845;0,79447;-85
;;;1846;0,82453;3;;1846;0,79417;-88
;;;1847;0,82419;6;;1847;0,79387;-89
;;;1848;0,82386;3;;1848;0,79357;-90
;;;1849;0,82352;3;;1849;0,79327;-88
;;;1850;0,82318;0;;1850;0,79297;-93
;;;1851;0,82285;0;;1851;0,79267;-100
;;;1852;0,82251;-1;;1852;0,79238;-101
;;;1853;0,82218;-1;;1853;0,79208;-103
;;;1854;0,82184;-1;;1854;0,79178;-104
;;;1855;0,82151;-1;;1855;0,79148;-103
;;;1856;0,82117;-1;;1856;0,79118;-98
;;;1857;0,82084;-3;;1857;0,79088;-104
;;;1858;0,82050;-3;;1858;0,79059;-105
;;;1859;0,82017;-3;;1859;0,79029;-100
;;;1860;0,81984;0;;1860;0,78999;-101
;;;1861;0,81950;-2;;1861;0,78969;-93
;;;1862;0,81917;-2;;1862;0,78940;-97
;;;1863;0,81884;-3;;1863;0,78910;-103
;;;1864;0,81851;-1;;1864;0,78880;-105
;;;1865;0,81817;0;;1865;0,78851;-100
;;;1866;0,81784;-1;;1866;0,78821;-96
;;;1867;0,81751;-1;;1867;0,78792;-90
;;;1868;0,81718;0;;1868;0,78762;-84
;;;1869;0,81685;0;;1869;0,78733;-85
;;;1870;0,81652;0;;1870;0,78703;-92
;;;1871;0,81619;0;;1871;0,78674;-90
;;;1872;0,81586;0;;1872;0,78644;-92
;;;1873;0,81553;0;;1873;0,78615;-94
;;;1874;0,81520;2;;1874;0,78585;-97
;;;1875;0,81487;1;;1875;0,78556;-94
;;;1876;0,81454;0;;1876;0,78527;-93
;;;1877;0,81421;0;;1877;0,78497;-97
;;;1878;0,81388;0;;1878;0,78468;-97
;;;1879;0,81355;0;;1879;0,78439;-98
;;;1880;0,81322;0;;1880;0,78409;-98
;;;1881;0,81289;0;;1881;0,78380;-93
;;;1882;0,81257;0;;1882;0,78351;-92
;;;1883;0,81224;0;;1883;0,78322;-93
;;;1884;0,81191;2;;1884;0,78292;-88
;;;1885;0,81159;3;;1885;0,78263;-89
;;;1886;0,81126;4;;1886;0,78234;-85
;;;1887;0,81093;2;;1887;0,78205;-85
;;;1888;0,81061;3;;1888;0,78176;-82
;;;1889;0,81028;3;;1889;0,78147;-89
;;;1890;0,80996;3;;1890;0,78118;-92
;;;1891;0,80963;0;;1891;0,78089;-93
;;;1892;0,80931;2;;1892;0,78060;-100
;;;1893;0,80898;1;;1893;0,78031;-103
;;;1894;0,80866;1;;1894;0,78002;-105
;;;1895;0,80833;0;;1895;0,77973;-108
;;;1896;0,80801;0;;1896;0,77944;-103
;;;1897;0,80768;-1;;1897;0,77915;-103
;;;1898;0,80736;-1;;1898;0,77886;-104
;;;1899;0,80704;0;;1899;0,77857;-98
;;;1900;0,80671;0;;1900;0,77828;-97
;;;1901;0,80639;0;;1901;0,77800;-94
;;;1902;0,80607;0;;1902;0,77771;-93
;;;1903;0,80575;1;;1903;0,77742;-98
;;;1904;0,80543;0;;1904;0,77713;-100
;;;1905;0,80510;0;;1905;0,77684;-103
;;;1906;0,80478;0;;1906;0,77656;-103
;;;1907;0,80446;0;;1907;0,77627;-101
;;;1908;0,80414;0;;1908;0,77598;-100
;;;1909;0,80382;0;;1909;0,77570;-101
;;;1910;0,80350;0;;1910;0,77541;-104
;;;1911;0,80318;1;;1911;0,77512;-103
;;;1912;0,80286;3;;1912;0,77484;-97
;;;1913;0,80254;0;;1913;0,77455;-100
;;;1914;0,80222;1;;1914;0,77427;-100
;;;1915;0,80190;3;;1915;0,77398;-107
;;;1916;0,80158;0;;1916;0,77370;-104
;;;1917;0,80126;0;;1917;0,77341;-104
;;;1918;0,80095;0;;1918;0,77313;-105
;;;1919;0,80063;-2;;1919;0,77284;-104
;;;1920;0,80031;-1;;1920;0,77256;-100
;;;1921;0,79999;0;;1921;0,77227;-101
;;;1922;0,79967;0;;1922;0,77199;-101
;;;1923;0,79936;2;;1923;0,77171;-100
;;;1924;0,79904;0;;1924;0,77142;-100
;;;1925;0,79872;0;;1925;0,77114;-96
;;;1926;0,79841;0;;1926;0,77086;-94
;;;1927;0,79809;0;;1927;0,77057;-92
;;;1928;0,79778;2;;1928;0,77029;-88
;;;1929;0,79746;-1;;1929;0,77001;-85
;;;1930;0,79714;-1;;1930;0,76973;-84
;;;1931;0,79683;-2;;1931;0,76945;-88
;;;1932;0,79651;0;;1932;0,76916;-92
;;;1933;0,79620;0;;1933;0,76888;-93
;;;1934;0,79589;0;;1934;0,76860;-98
;;;1935;0,79557;0;;1935;0,76832;-97
;;;1936;0,79526;0;;1936;0,76804;-100
;;;1937;0,79494;-1;;1937;0,76776;-103
;;;1938;0,79463;0;;1938;0,76748;-97
;;;1939;0,79432;-2;;1939;0,76720;-101
;;;1940;0,79401;-3;;1940;0,76692;-101
;;;1941;0,79369;-3;;1941;0,76664;-107
;;;1942;0,79338;-1;;1942;0,76636;-107
;;;1943;0,79307;0;;1943;0,76608;-101
;;;1944;0,79276;1;;1944;0,76580;-104
;;;1945;0,79244;3;;1945;0,76552;-105
;;;1946;0,79213;5;;1946;0,76524;-103
;;;1947;0,79182;3;;1947;0,76496;-100
;;;1948;0,79151;3;;1948;0,76468;-105
;;;1949;0,79120;1;;1949;0,76441;-103
;;;1950;0,79089;0;;1950;0,76413;-105
;;;1951;0,79058;0;;1951;0,76385;-104
;;;1952;0,79027;0;;1952;0,76357;-97
;;;1953;0,78996;0;;1953;0,76329;-96
;;;1954;0,78965;1;;1954;0,76302;-96
;;;1955;0,78934;2;;1955;0,76274;-103
;;;1956;0,78903;3;;1956;0,76246;-97
;;;1957;0,78872;3;;1957;0,76219;-101
;;;1958;0,78842;4;;1958;0,76191;-101
;;;1959;0,78811;4;;1959;0,76163;-104
;;;1960;0,78780;3;;1960;0,76136;-103
;;;1961;0,78749;3;;1961;0,76108;-105
;;;1962;0,78718;3;;1962;0,76081;-108
;;;1963;0,78688;0;;1963;0,76053;-112
;;;1964;0,78657;-2;;1964;0,76026;-115
;;;1965;0,78626;0;;1965;0,75998;-115
;;;1966;0,78596;0;;1966;0,75971;-115
;;;1967;0,78565;-3;;1967;0,75943;-116
;;;1968;0,78534;-3;;1968;0,75916;-109
;;;1969;0,78504;-2;;1969;0,75888;-105
;;;1970;0,78473;-1;;1970;0,75861;-101
;;;1971;0,78443;-3;;1971;0,75833;-105
;;;1972;0,78412;-1;;1972;0,75806;-103
;;;1973;0,78382;-3;;1973;0,75779;-103
;;;1974;0,78351;-2;;1974;0,75751;-107
;;;1975;0,78321;-3;;1975;0,75724;-108
;;;1976;0,78290;-1;;1976;0,75697;-107
;;;1977;0,78260;-2;;1977;0,75670;-104
;;;1978;0,78230;-2;;1978;0,75642;-103
;;;1979;0,78199;-3;;1979;0,75615;-108
;;;1980;0,78169;-4;;1980;0,75588;-103
;;;1981;0,78139;-2;;1981;0,75561;-101
;;;1982;0,78108;0;;1982;0,75534;-94
;;;1983;0,78078;0;;1983;0,75506;-93
;;;1984;0,78048;-2;;1984;0,75479;-92
;;;1985;0,78018;-3;;1985;0,75452;-89
;;;1986;0,77988;-1;;1986;0,75425;-88
;;;1987;0,77957;-2;;1987;0,75398;-93
;;;1988;0,77927;0;;1988;0,75371;-96
;;;1989;0,77897;0;;1989;0,75344;-97
;;;1990;0,77867;1;;1990;0,75317;-101
;;;1991;0,77837;3;;1991;0,75290;-98
;;;1992;0,77807;2;;1992;0,75263;-105
;;;1993;0,77777;5;;1993;0,75236;-105
;;;1994;0,77747;3;;1994;0,75209;-108
;;;1995;0,77717;2;;1995;0,75182;-108
;;;1996;0,77687;0;;1996;0,75155;-104
;;;1997;0,77657;2;;1997;0,75128;-104
;;;1998;0,77627;-2;;1998;0,75101;-104
;;;1999;0,77597;0;;1999;0,75075;-107
;;;2000;0,77568;0;;2000;0,75048;-103
